origin,dest,hour,day_of_week,is_peak,distance_km,stops_apart,num_transfers,origin_line,dest_line,travel_time_min
Portal Sur,Calle 170,4,5,0,7.45,9,1,B,A,45.09
Portal Sur,Zona T,6,4,0,1.92,2,0,D,A,13.57
Portal Norte,Calle 170,10,1,0,0.68,1,0,A,B,3.8
Portal Sur,Zona T,17,1,1,2.39,2,0,D,C,14.3
Portal Norte,Calle 145,17,2,1,1.37,2,0,C,B,13.63
Calle 127,Calle 85,7,0,1,1.37,2,0,D,A,10.6
Calle 85,Calle 57,12,6,0,3.32,4,2,A,D,22.26
Calle 170,Zona T,13,6,0,4.74,7,0,C,B,29.81
Calle 170,Portal Norte,11,6,0,0.29,1,0,C,A,5.44
Calle 127,Calle 170,16,2,0,1.15,2,0,D,C,4.76
Calle 145,Calle 85,15,1,0,3.13,3,0,C,A,12.82
Calle 57,Portal Sur,9,4,1,0.83,1,0,B,B,3.23
U. Nacional,Calle 72,12,5,0,0.53,1,0,B,C,4.83
Portal Norte,Calle 127,5,6,0,1.82,3,0,C,D,14.63
Calle 100,Calle 170,10,4,0,2.1,3,0,C,B,12.62
Portal Sur,U. Nacional,16,5,0,2.1,3,0,D,B,19.06
Calle 100,Calle 145,11,5,0,1.59,2,0,C,D,5.83
Calle 57,Calle 72,15,1,0,2.81,3,0,B,D,9.84
Calle 170,Portal Norte,7,1,1,0.9,1,0,B,D,2.0
Calle 57,Calle 170,16,3,0,5.74,8,0,D,C,36.59
Zona T,Portal Norte,7,5,1,6.77,8,0,C,C,39.51
Calle 170,Calle 100,17,1,1,2.34,3,0,D,A,15.6
Calle 100,Zona T,9,4,1,2.46,4,0,C,B,18.84
Calle 145,Calle 85,9,4,1,2.17,3,0,A,C,19.67
U. Nacional,Portal Norte,7,2,1,5.77,7,0,C,B,29.21
Portal Norte,Calle 127,22,0,0,2.56,3,0,A,D,12.34
Calle 170,Zona T,8,1,1,5.26,7,0,B,C,36.34
Zona T,Calle 57,17,1,1,1.32,1,0,B,C,10.29
Calle 72,Portal Sur,15,3,0,2.78,4,0,D,A,17.07
Calle 127,Calle 170,14,0,0,1.77,2,0,B,B,11.93
Portal Norte,Calle 170,5,1,0,0.56,1,0,A,A,3.94
Calle 85,Calle 170,20,1,0,2.65,4,2,B,B,24.41
Calle 57,U. Nacional,11,6,0,2.01,2,0,D,D,13.07
Calle 127,Calle 170,7,5,1,1.56,2,0,D,C,15.01
Calle 72,U. Nacional,5,5,0,0.98,1,0,A,A,2.56
Calle 72,Calle 85,7,1,1,0.98,1,0,B,B,12.11
Zona T,U. Nacional,8,3,1,0.78,1,0,B,C,12.19
U. Nacional,Calle 127,6,3,0,1.89,4,0,A,A,20.47
Portal Sur,Zona T,4,0,0,1.64,2,0,B,B,8.1
Calle 72,U. Nacional,19,1,1,0.85,1,0,D,A,2.0
Calle 145,Calle 72,4,3,0,3.09,4,2,C,D,29.07
Zona T,Portal Sur,19,1,1,2.34,2,0,B,C,10.45
Calle 127,Portal Norte,22,5,0,2.0,3,0,A,C,11.99
Portal Norte,Calle 57,19,4,1,7.66,9,0,B,A,44.49
Zona T,Calle 170,9,0,1,5.34,7,0,B,D,36.04
Calle 170,Calle 57,11,4,0,6.45,8,0,A,D,38.91
Portal Sur,Calle 57,22,4,0,0.45,1,0,C,C,3.52
Calle 127,Portal Sur,14,1,0,5.4,7,1,C,D,32.11
Calle 85,Calle 170,4,3,0,3.35,4,0,A,A,18.78
Zona T,Calle 127,20,2,0,4.0,5,2,A,B,31.8
Calle 85,Calle 100,9,3,1,0.1,1,0,C,A,6.24
Portal Sur,Zona T,13,5,0,1.43,2,0,A,B,6.59
Calle 100,Calle 170,7,5,1,2.32,3,0,B,C,17.71
Calle 100,Calle 57,10,5,0,4.94,5,2,D,C,33.02
Portal Norte,Calle 170,17,6,1,0.93,1,0,C,A,7.28
Portal Norte,Calle 85,8,5,1,3.04,5,0,B,D,25.42
Zona T,Calle 72,21,0,0,1.63,2,0,A,A,16.39
Calle 145,Zona T,5,6,0,4.7,6,1,D,B,32.9
Portal Norte,Calle 100,15,6,0,3.18,4,0,A,C,14.49
Calle 127,Portal Sur,11,5,0,6.17,7,2,B,B,43.76
Calle 145,Calle 72,4,1,0,3.6,4,0,C,D,15.27
Portal Sur,Calle 127,12,1,0,6.3,7,0,A,D,27.29
Portal Norte,U. Nacional,11,1,0,5.89,7,0,D,C,38.07
Calle 100,Calle 127,11,0,0,0.3,1,0,B,D,2.8
Calle 85,Calle 100,6,6,0,0.85,1,0,C,C,2.99
Portal Sur,Zona T,16,5,0,0.82,2,0,C,A,9.21
Calle 170,Calle 100,9,4,1,1.87,3,0,C,A,17.92
Calle 170,Calle 57,17,2,1,5.94,8,0,C,D,43.65
Calle 57,Zona T,7,3,1,0.41,1,0,B,C,6.53
Portal Norte,Calle 72,4,4,0,5.21,6,0,B,C,23.31
Calle 72,Calle 170,14,4,0,4.11,5,1,C,C,31.42
Portal Sur,Calle 72,14,3,0,2.4,4,0,B,B,18.55
Calle 72,Portal Sur,16,5,0,3.33,4,0,B,C,20.35
Calle 72,Zona T,4,2,0,0.98,2,0,C,B,5.04
Calle 72,Calle 57,23,5,0,2.66,3,0,C,D,14.39
U. Nacional,Portal Sur,10,4,0,2.53,3,0,D,B,14.54
Portal Sur,Calle 170,13,4,0,6.86,9,0,C,A,41.2
Calle 127,Portal Sur,13,1,0,5.75,7,0,B,A,29.36
Portal Norte,Calle 127,19,4,1,3.33,3,0,A,D,17.92
Calle 72,Portal Sur,22,1,0,2.6,4,0,D,D,19.97
Calle 72,Calle 127,8,5,1,1.91,3,0,A,A,18.86
Calle 72,Calle 127,9,6,1,2.98,3,0,D,A,14.04
Zona T,Calle 127,7,3,1,4.48,5,2,C,D,36.74
Calle 57,Zona T,17,6,1,1.21,1,0,D,B,13.19
U. Nacional,Calle 100,11,6,0,2.28,3,0,C,D,11.24
Portal Sur,Calle 127,12,3,0,5.16,7,2,B,C,39.05
Calle 85,Zona T,6,1,0,2.36,3,0,B,B,14.52
Calle 72,Calle 145,10,0,0,3.34,4,0,C,D,20.48
Calle 72,Portal Norte,10,6,0,4.81,6,0,A,D,31.36
U. Nacional,Portal Norte,15,2,0,5.47,7,0,D,B,39.66
U. Nacional,Calle 127,12,3,0,3.51,4,0,D,C,15.43
Portal Sur,Calle 72,9,6,1,2.66,4,0,B,A,22.45
Calle 72,Calle 57,22,5,0,2.29,3,0,A,A,15.64
Portal Sur,Calle 72,8,6,1,3.44,4,0,A,C,20.78
Calle 72,Calle 85,10,3,0,0.38,1,0,C,C,2.0
Calle 72,Calle 100,17,2,1,1.38,2,0,A,D,14.57
Portal Norte,Zona T,5,2,0,6.51,8,1,A,A,37.26
Calle 127,Portal Norte,23,1,0,2.49,3,0,B,B,14.66
U. Nacional,Portal Sur,7,4,1,1.96,3,0,B,D,16.96
Calle 100,Calle 85,9,4,1,0.83,1,0,A,B,4.07
Calle 100,Calle 170,22,0,0,2.58,3,0,C,D,15.18
Calle 72,Calle 127,6,4,0,2.94,3,0,B,A,16.66
Calle 100,Portal Sur,23,6,0,4.11,6,1,C,D,29.19
Portal Sur,Calle 85,6,4,0,4.26,5,0,A,D,24.04
U. Nacional,Calle 170,17,2,1,5.06,6,0,D,B,41.56
Calle 72,Calle 145,20,5,0,3.49,4,2,D,D,31.41
Calle 57,Calle 100,14,6,0,4.48,5,1,C,D,29.45
Calle 127,U. Nacional,22,4,0,3.04,4,0,C,A,20.28
U. Nacional,Calle 85,9,3,1,1.21,2,0,B,C,11.29
Calle 100,Calle 85,12,4,0,0.56,1,0,C,A,4.75
Zona T,Calle 127,6,1,0,5.16,5,0,D,B,16.9
U. Nacional,Portal Sur,19,3,1,2.74,3,0,A,A,11.66
Calle 100,Calle 127,16,5,0,0.56,1,0,B,C,7.77
Portal Sur,Calle 57,15,3,0,0.83,1,0,C,D,2.0
Zona T,Calle 85,15,5,0,2.04,3,0,D,C,15.54
Calle 100,Calle 127,7,5,1,0.43,1,0,B,C,8.15
Calle 170,Zona T,9,1,1,5.62,7,2,C,C,42.55
Calle 170,Calle 127,13,1,0,2.67,2,0,C,B,10.9
Calle 100,Portal Norte,21,1,0,2.19,4,1,C,B,23.56
Portal Sur,U. Nacional,7,6,1,2.07,3,0,A,C,19.06
U. Nacional,Calle 85,9,0,1,1.2,2,0,C,D,11.66
Calle 170,Calle 72,19,0,1,4.25,5,0,A,B,28.1
Calle 145,Calle 57,13,0,0,5.0,7,0,A,D,30.5
Calle 57,Calle 127,20,3,0,4.56,6,0,D,C,25.04
Calle 57,Calle 72,13,4,0,3.28,3,0,A,A,14.71
Calle 127,Portal Sur,10,2,0,4.97,7,0,B,B,34.25
Calle 145,Zona T,6,1,0,5.86,6,2,D,C,40.1
Portal Norte,Calle 127,13,5,0,1.64,3,0,C,D,12.05
Calle 170,Portal Sur,11,2,0,7.83,9,0,B,D,38.38
Calle 170,Zona T,11,5,0,5.82,7,2,B,A,43.82
Portal Norte,Calle 145,13,4,0,1.14,2,0,C,D,8.82
Calle 170,U. Nacional,13,5,0,3.18,6,0,C,D,23.93
U. Nacional,Calle 170,23,0,0,4.67,6,0,C,C,23.26
Portal Norte,Calle 170,11,5,0,1.62,1,0,A,C,2.0
Calle 57,Portal Norte,9,3,1,6.98,9,0,D,C,43.89
Calle 145,Calle 57,17,5,1,6.32,7,0,A,D,30.19
Calle 85,Calle 72,14,2,0,1.38,1,0,A,B,4.53
Calle 85,Calle 72,19,2,1,0.31,1,0,D,A,8.89
U. Nacional,Calle 170,14,2,0,4.9,6,2,A,D,35.2
Calle 72,Portal Norte,10,4,0,4.83,6,2,D,A,35.84
Calle 127,Calle 100,21,1,0,0.86,1,0,C,D,6.49
U. Nacional,Calle 170,4,5,0,5.59,6,0,B,B,23.29
Calle 100,Zona T,4,4,0,4.27,4,0,B,A,12.14
U. Nacional,Calle 170,8,3,1,4.72,6,0,C,C,31.76
Calle 72,U. Nacional,19,1,1,0.94,1,0,D,B,5.63
Calle 72,Calle 127,23,4,0,2.3,3,0,B,A,12.02
Calle 100,Calle 72,14,6,0,1.31,2,0,C,A,11.55
Calle 100,Calle 57,22,5,0,4.18,5,0,B,D,20.42
Zona T,U. Nacional,15,2,0,1.25,1,0,D,D,5.42
Calle 85,Calle 127,11,4,0,2.01,2,0,D,B,10.89
Calle 72,Portal Norte,14,5,0,4.39,6,0,D,D,25.32
Portal Sur,Calle 145,19,0,1,6.77,8,2,A,D,50.83
Calle 170,Zona T,18,0,1,5.59,7,0,D,B,34.85
Calle 170,U. Nacional,12,2,0,5.44,6,0,D,A,25.23
Calle 85,Portal Sur,21,3,0,4.27,5,0,D,A,21.89
Calle 57,Calle 170,11,5,0,6.29,8,0,C,B,39.3
Calle 170,Calle 72,7,6,1,4.41,5,0,A,D,27.94
Calle 145,Calle 100,4,0,0,2.25,2,0,C,A,9.06
Calle 100,Calle 85,15,3,0,1.14,1,0,B,B,3.57
Zona T,Calle 72,22,5,0,1.76,2,0,B,B,8.61
Calle 145,Calle 170,23,6,0,0.85,1,0,D,B,6.29
U. Nacional,Calle 57,8,1,1,1.19,2,0,D,C,18.28
U. Nacional,Calle 100,4,6,0,1.9,3,0,D,C,9.86
Portal Sur,Zona T,9,0,1,2.18,2,0,D,C,14.37
Calle 57,Calle 100,17,5,1,4.31,5,2,B,D,37.39
U. Nacional,Calle 170,11,3,0,4.79,6,0,C,C,24.31
Portal Norte,Portal Sur,16,2,0,8.04,10,1,D,C,47.97
Calle 127,Calle 57,15,1,0,5.29,6,0,C,B,26.56
Portal Sur,Calle 170,5,2,0,6.79,9,0,A,C,39.54
Calle 145,Calle 170,13,2,0,1.01,1,0,D,B,2.81
Calle 127,Calle 145,21,2,0,0.39,1,0,C,B,5.23
Calle 100,U. Nacional,13,5,0,2.52,3,0,C,A,11.98
U. Nacional,Calle 170,8,6,1,4.56,6,0,D,C,30.7
Calle 170,Calle 72,4,2,0,3.28,5,0,D,C,18.28
Portal Sur,Calle 100,22,3,0,4.44,6,0,C,A,26.36
Portal Sur,Calle 127,19,0,1,5.76,7,0,C,B,38.93
Portal Sur,Calle 170,18,5,1,7.63,9,2,A,B,53.02
Portal Norte,Calle 100,19,0,1,3.19,4,1,D,D,22.99
Calle 85,Portal Sur,21,3,0,3.99,5,0,B,D,21.63
Portal Sur,Calle 170,19,4,1,7.36,9,0,C,A,41.02
Calle 85,Calle 127,18,3,1,1.86,2,0,B,C,16.6
Calle 170,Portal Sur,15,4,0,7.15,9,0,C,A,41.71
Calle 72,Calle 100,10,0,0,1.95,2,0,D,A,7.8
Portal Sur,Calle 127,23,0,0,5.71,7,2,B,B,41.54
Calle 57,Calle 127,6,6,0,4.85,6,0,B,B,24.68
Calle 127,Calle 85,8,6,1,1.61,2,0,A,C,13.49
Calle 145,Zona T,12,6,0,5.53,6,1,B,A,34.88
Calle 85,Calle 127,22,2,0,2.68,2,0,A,B,6.7
Calle 100,Portal Norte,8,5,1,3.64,4,0,A,A,21.55
U. Nacional,Calle 85,20,4,0,2.69,2,0,A,D,6.58
Zona T,Calle 127,23,0,0,3.58,5,0,C,D,20.7
Portal Sur,Portal Norte,5,3,0,6.94,10,0,D,A,43.42
U. Nacional,Calle 170,6,2,0,4.42,6,0,A,B,27.45
Calle 100,Calle 57,22,4,0,4.17,5,0,D,C,28.13
U. Nacional,Zona T,23,3,0,1.28,1,0,A,A,2.77
Portal Sur,Zona T,10,3,0,1.15,2,0,D,B,10.48
Calle 72,Calle 85,18,3,1,0.14,1,0,D,A,12.99
Calle 85,Calle 72,14,5,0,1.39,1,0,C,C,3.09
Calle 145,Portal Sur,19,0,1,5.54,8,1,A,D,48.06
Calle 170,Calle 85,8,4,1,3.14,4,2,A,D,34.71
Calle 85,Portal Sur,17,6,1,3.2,5,0,A,C,23.7
Calle 57,Calle 100,15,0,0,4.0,5,0,B,B,22.64
Portal Sur,U. Nacional,11,6,0,2.17,3,0,A,C,15.37
Zona T,Calle 85,7,6,1,1.87,3,0,C,B,16.07
Calle 72,Zona T,23,4,0,1.66,2,0,A,C,10.54
Portal Norte,Calle 145,12,5,0,1.96,2,0,C,C,5.63
Calle 85,Portal Norte,9,6,1,3.23,5,2,A,B,39.33
Portal Sur,Portal Norte,6,5,0,8.17,10,0,D,D,42.75
U. Nacional,Calle 85,9,2,1,2.38,2,0,C,C,12.35
Calle 57,Calle 170,5,1,0,6.99,8,1,A,C,41.2
U. Nacional,Portal Sur,17,3,1,3.43,3,0,D,D,21.77
Calle 100,Calle 127,20,0,0,0.68,1,0,C,D,7.41
Calle 170,Calle 100,22,3,0,2.72,3,0,C,A,17.61
Calle 127,Calle 72,23,0,0,1.92,3,0,A,B,15.56
Calle 100,Calle 127,8,6,1,1.33,1,0,C,C,2.22
Calle 85,Calle 170,4,3,0,2.61,4,0,B,B,11.88
Calle 72,Zona T,11,4,0,1.47,2,0,C,A,11.15
Calle 72,Portal Norte,17,0,1,5.55,6,0,A,C,30.22
Calle 57,Calle 72,22,3,0,3.21,3,0,D,C,9.36
Calle 170,Calle 72,4,2,0,3.15,5,2,C,A,32.33
Calle 72,Calle 170,11,3,0,4.19,5,0,A,D,22.4
Calle 100,Calle 85,11,2,0,0.1,1,0,B,A,4.23
Zona T,Portal Sur,7,4,1,0.95,2,0,B,C,14.01
Calle 85,Portal Sur,8,1,1,4.18,5,2,B,B,32.68
Calle 57,Calle 145,6,1,0,5.34,7,0,D,D,28.32
Calle 57,U. Nacional,22,5,0,1.57,2,0,C,C,11.87
Calle 145,U. Nacional,6,3,0,3.51,5,0,C,C,24.01
Calle 57,Portal Norte,15,4,0,6.93,9,2,D,A,48.12
Portal Norte,Calle 85,13,0,0,3.95,5,0,A,D,19.39
U. Nacional,Calle 57,21,6,0,1.32,2,0,A,D,5.41
Calle 57,Portal Sur,10,2,0,1.78,1,0,D,B,4.61
Portal Norte,U. Nacional,7,6,1,5.25,7,0,C,A,35.14
Zona T,Portal Sur,9,0,1,1.54,2,0,B,D,11.34
U. Nacional,Zona T,20,4,0,1.11,1,0,B,C,6.77
Calle 85,Calle 100,16,3,0,0.53,1,0,C,A,2.77
Portal Sur,Calle 85,6,2,0,3.86,5,2,C,C,25.59
Portal Sur,Calle 57,8,2,1,0.1,1,0,A,B,11.6
Calle 85,Calle 100,16,1,0,1.62,1,0,A,C,3.75
Zona T,Calle 72,14,6,0,1.89,2,0,B,A,9.93
Portal Sur,Calle 72,20,2,0,4.74,4,2,B,B,31.36
Calle 85,U. Nacional,10,1,0,1.54,2,0,B,B,6.13
Calle 170,Calle 100,7,4,1,1.6,3,0,A,C,17.11
Calle 57,Calle 145,23,3,0,5.22,7,1,B,D,32.23
Portal Norte,Calle 72,15,5,0,4.48,6,0,D,C,23.76
U. Nacional,Calle 127,21,1,0,4.04,4,2,B,C,30.64
Portal Sur,Calle 57,18,3,1,0.8,1,0,C,D,11.94
Zona T,Calle 72,9,6,1,1.64,2,0,B,B,9.42
Calle 100,Portal Norte,19,6,1,3.96,4,1,A,C,27.62
Calle 170,Calle 145,12,3,0,0.28,1,0,B,D,3.93
Calle 170,Calle 127,18,2,1,1.16,2,0,A,D,7.85
Portal Norte,Calle 72,20,2,0,5.26,6,1,C,B,37.73
Portal Norte,Calle 85,7,6,1,3.3,5,0,C,B,27.19
Calle 145,Portal Norte,13,6,0,1.27,2,0,D,B,7.54
U. Nacional,Calle 57,4,0,0,1.3,2,0,A,C,6.41
Calle 127,Calle 145,21,5,0,0.82,1,0,D,A,2.01
Calle 100,Calle 127,13,0,0,0.94,1,0,A,B,4.35
Calle 72,Portal Sur,23,3,0,3.08,4,2,A,B,25.28
Calle 145,Calle 100,17,0,1,1.31,2,0,C,B,14.27
Calle 57,Calle 72,9,5,1,2.65,3,0,A,C,13.57
Calle 170,Zona T,21,4,0,5.65,7,0,A,D,33.75
U. Nacional,Portal Norte,16,2,0,4.77,7,1,C,A,38.13
Calle 85,Calle 127,7,6,1,1.27,2,0,C,B,13.71
Portal Norte,Calle 85,21,2,0,3.62,5,0,B,D,17.09
U. Nacional,Portal Sur,9,6,1,1.59,3,0,B,A,16.64
U. Nacional,Portal Norte,13,1,0,5.73,7,1,A,C,33.79
Calle 100,Zona T,16,6,0,3.52,4,0,C,A,13.02
Portal Sur,Calle 127,13,2,0,5.57,7,0,A,C,27.87
Calle 100,Calle 170,15,3,0,2.07,3,0,D,D,13.64
Calle 72,Calle 85,9,3,1,0.37,1,0,D,C,6.35
Zona T,Calle 100,6,5,0,3.7,4,0,D,B,16.27
Zona T,Calle 100,14,0,0,3.62,4,2,C,D,24.61
Calle 57,Calle 72,9,5,1,2.66,3,0,D,C,20.82
U. Nacional,Portal Norte,15,4,0,4.36,7,0,C,A,29.11
Calle 170,Portal Sur,16,2,0,7.49,9,0,B,A,39.89
Calle 145,Calle 57,18,0,1,5.79,7,1,C,C,37.69
Calle 72,Calle 57,5,4,0,2.44,3,0,B,D,13.03
Calle 85,U. Nacional,6,4,0,2.18,2,0,B,C,9.76
Calle 72,Calle 85,12,1,0,0.97,1,0,A,A,3.26
Calle 145,U. Nacional,20,3,0,3.76,5,0,A,C,21.2
Calle 100,U. Nacional,10,4,0,2.6,3,0,C,D,12.24
Calle 127,Calle 170,8,6,1,1.74,2,0,A,D,18.23
Calle 145,U. Nacional,6,6,0,4.44,5,0,C,C,21.52
Calle 170,Zona T,21,2,0,6.2,7,0,B,B,30.28
Calle 85,Zona T,11,0,0,1.38,3,0,B,B,10.48
Calle 127,U. Nacional,4,2,0,2.26,4,0,C,D,16.95
Zona T,Calle 145,23,0,0,4.81,6,2,D,D,42.03
Calle 72,Calle 57,6,1,0,2.56,3,0,C,A,12.84
U. Nacional,Portal Sur,20,2,0,2.81,3,0,B,B,6.87
Calle 145,Calle 72,20,6,0,3.32,4,1,B,C,25.31
Calle 145,Calle 85,11,2,0,1.66,3,0,C,A,16.93
Calle 100,Calle 127,21,2,0,0.97,1,0,B,C,3.25
Calle 57,Zona T,6,4,0,1.12,1,0,B,B,11.31
Calle 145,Portal Sur,23,5,0,6.49,8,0,C,A,36.74
Portal Norte,Calle 170,5,5,0,0.57,1,0,C,B,2.0
Calle 57,Calle 72,23,5,0,2.82,3,0,A,D,10.93
Portal Sur,Zona T,13,5,0,1.64,2,0,C,D,7.57
Calle 127,Portal Sur,16,2,0,5.84,7,0,A,B,32.5
U. Nacional,Calle 72,19,3,1,1.32,1,0,B,C,5.97
Calle 57,Calle 145,14,6,0,5.47,7,0,C,D,28.56
Calle 145,Calle 85,20,4,0,2.18,3,0,A,C,14.63
Calle 127,U. Nacional,7,2,1,3.58,4,0,B,A,18.23
Portal Norte,Calle 100,16,6,0,3.63,4,0,B,B,22.07
Calle 85,Calle 57,14,1,0,3.41,4,0,D,D,23.63
U. Nacional,Calle 100,19,0,1,2.01,3,0,A,D,12.77
Zona T,U. Nacional,11,1,0,0.1,1,0,C,A,8.99
Portal Norte,Calle 100,19,4,1,3.53,4,0,D,C,20.83
Zona T,Portal Norte,7,3,1,6.54,8,2,C,D,45.62
Calle 85,Portal Norte,16,0,0,5.22,5,0,B,C,22.89
Zona T,Calle 100,6,3,0,3.25,4,0,C,A,20.18
Calle 145,Calle 170,16,2,0,1.04,1,0,C,C,5.17
Calle 145,Calle 127,23,4,0,0.4,1,0,D,A,5.91
Portal Norte,Calle 145,14,6,0,2.54,2,0,D,D,13.04
Calle 145,Calle 57,20,1,0,6.4,7,2,B,D,39.97
Calle 57,Calle 100,22,2,0,3.51,5,0,D,C,22.12
U. Nacional,Portal Norte,15,2,0,5.63,7,0,D,C,34.78
Portal Sur,Portal Norte,23,3,0,7.15,10,1,A,D,54.59
Calle 145,Zona T,23,6,0,4.72,6,0,B,B,25.72
Portal Norte,Calle 57,7,1,1,6.69,9,2,D,B,48.54
Calle 72,Calle 127,17,4,1,2.81,3,0,D,A,16.72
Calle 145,Zona T,10,4,0,4.16,6,2,D,C,33.11
Calle 145,U. Nacional,21,2,0,3.83,5,0,C,D,27.51
Calle 127,Calle 100,21,2,0,0.67,1,0,B,C,2.0
Calle 100,Calle 127,19,2,1,0.68,1,0,D,C,6.68
Zona T,Calle 100,13,0,0,1.85,4,0,D,D,17.84
Calle 85,Calle 145,13,0,0,2.28,3,0,C,A,15.59
Calle 85,U. Nacional,12,5,0,2.52,2,0,D,B,12.38
Calle 127,Zona T,12,4,0,3.87,5,0,B,A,19.18
Calle 57,Calle 127,11,0,0,6.09,6,0,B,B,27.18
Portal Norte,Calle 170,17,2,1,0.81,1,0,D,A,7.43
Portal Sur,Calle 145,4,4,0,6.5,8,0,B,D,35.57
Portal Sur,U. Nacional,19,5,1,2.11,3,0,B,C,14.86
Calle 85,Calle 100,5,6,0,0.78,1,0,A,B,2.87
Zona T,Portal Norte,9,3,1,6.04,8,0,B,A,39.32
Calle 72,U. Nacional,9,5,1,0.67,1,0,C,A,12.01
Portal Norte,Calle 100,22,4,0,1.87,4,2,C,D,31.27
Portal Sur,Zona T,20,3,0,2.22,2,0,B,D,2.78
Calle 100,Calle 127,7,2,1,0.63,1,0,B,D,6.39
Portal Sur,Calle 100,9,0,1,4.1,6,0,C,B,27.67
Calle 145,Calle 57,16,6,0,5.04,7,0,C,A,36.76
Calle 72,Portal Sur,7,1,1,3.67,4,0,D,C,24.81
Calle 127,Portal Norte,12,3,0,2.76,3,0,B,D,10.11
Calle 100,Calle 85,13,4,0,0.54,1,0,A,C,5.97
Portal Sur,Calle 85,11,0,0,3.39,5,0,D,C,24.64
Calle 145,Calle 72,20,5,0,3.08,4,0,A,C,16.88
Calle 85,Calle 57,11,1,0,3.56,4,0,D,B,19.33
U. Nacional,Calle 57,15,3,0,1.42,2,0,D,B,12.48
Calle 127,Portal Sur,23,6,0,5.06,7,0,D,C,33.35
Calle 170,Calle 57,7,0,1,6.7,8,0,B,B,38.07
Calle 145,Calle 85,20,3,0,2.56,3,0,A,B,9.75
Calle 57,U. Nacional,6,4,0,2.06,2,0,D,A,8.45
U. Nacional,Calle 145,20,3,0,3.74,5,0,A,D,25.65
Portal Sur,Calle 100,4,3,0,4.45,6,1,B,A,27.77
Portal Norte,Calle 72,15,5,0,4.02,6,1,A,D,33.82
Portal Norte,Calle 100,17,1,1,2.56,4,0,D,C,26.26
Calle 72,U. Nacional,16,3,0,0.1,1,0,A,B,9.59
Portal Sur,Calle 85,7,1,1,4.11,5,0,D,B,25.21
Calle 127,Portal Norte,4,2,0,2.13,3,0,D,D,14.7
Zona T,Calle 72,11,1,0,1.58,2,0,D,C,12.31
Calle 145,Calle 100,10,5,0,1.66,2,0,A,A,9.45
Portal Sur,Calle 72,23,6,0,3.02,4,0,A,B,17.83
Calle 127,Calle 170,7,4,1,1.75,2,0,A,D,6.87
Calle 57,Portal Sur,5,1,0,0.13,1,0,A,D,6.73
U. Nacional,Calle 127,21,1,0,3.29,4,0,A,B,17.45
Zona T,Calle 100,11,6,0,3.21,4,0,C,C,19.04
Calle 127,Calle 100,8,5,1,0.53,1,0,B,D,5.17
Calle 100,Portal Norte,21,4,0,3.3,4,0,B,D,15.06
Zona T,U. Nacional,5,2,0,1.0,1,0,D,C,2.0
Calle 72,Calle 145,13,3,0,3.71,4,2,B,B,29.42
Calle 100,Calle 145,18,0,1,1.73,2,0,D,D,14.95
Zona T,Calle 145,16,1,0,5.63,6,2,A,D,40.04
Calle 85,Calle 170,21,5,0,2.28,4,0,A,C,14.16
Calle 72,Portal Sur,23,4,0,2.89,4,1,B,B,23.08
U. Nacional,Calle 127,14,2,0,3.46,4,0,A,B,15.82
Calle 127,Calle 170,19,1,1,1.69,2,0,B,D,9.73
Calle 127,Zona T,14,6,0,3.69,5,2,C,C,28.28
Calle 100,Calle 85,20,3,0,0.34,1,0,D,A,2.0
U. Nacional,Calle 85,10,2,0,1.11,2,0,C,D,12.16
Portal Norte,Calle 57,11,5,0,6.73,9,2,D,C,58.4
Calle 145,Calle 127,14,1,0,1.05,1,0,D,B,5.05
U. Nacional,Zona T,14,2,0,0.37,1,0,D,D,6.6
U. Nacional,Calle 145,15,1,0,3.71,5,2,B,A,32.87
Zona T,Portal Norte,6,6,0,7.68,8,0,A,D,35.71
Calle 145,Portal Sur,11,0,0,6.97,8,0,A,B,33.89
Zona T,U. Nacional,15,0,0,0.78,1,0,D,D,9.81
Portal Norte,Zona T,21,3,0,6.09,8,2,C,A,51.44
Zona T,Portal Sur,17,6,1,1.95,2,0,B,A,10.31
Calle 170,Zona T,8,1,1,5.92,7,2,C,C,47.42
Calle 72,Calle 170,15,3,0,4.31,5,0,B,B,17.79
Calle 100,Portal Sur,6,5,0,4.44,6,0,A,A,26.26
Calle 72,Zona T,19,0,1,1.56,2,0,A,B,13.86
Calle 170,U. Nacional,17,5,1,4.89,6,0,A,A,25.99
Calle 127,Calle 57,19,2,1,4.99,6,1,C,A,36.83
Calle 145,Calle 85,4,1,0,2.68,3,0,B,D,16.74
Calle 170,Calle 100,9,4,1,2.82,3,0,B,D,17.88
Portal Sur,Zona T,14,3,0,1.56,2,0,B,A,4.02
Zona T,Calle 85,5,0,0,2.61,3,0,D,B,14.12
Calle 170,Calle 85,23,6,0,3.34,4,0,D,C,14.17
Portal Norte,Portal Sur,12,6,0,7.46,10,0,D,B,48.16
Calle 85,Zona T,16,3,0,2.38,3,0,B,D,15.54
Calle 170,Calle 57,13,6,0,6.41,8,1,A,C,41.09
Calle 145,Calle 72,8,5,1,3.67,4,2,A,A,29.45
Portal Norte,Calle 100,18,2,1,3.25,4,0,A,B,19.61
Calle 170,Calle 145,17,3,1,0.58,1,0,D,A,6.57
Portal Norte,Calle 170,15,4,0,0.91,1,0,A,C,3.06
Calle 72,Portal Norte,13,3,0,5.43,6,1,B,B,29.32
Portal Sur,Calle 72,9,1,1,3.11,4,2,D,B,29.68
Calle 170,Calle 145,17,2,1,1.52,1,0,D,C,8.09
U. Nacional,Calle 170,15,2,0,5.32,6,0,D,B,22.54
U. Nacional,Calle 170,8,2,1,4.93,6,2,C,D,42.67
Calle 85,U. Nacional,14,3,0,1.64,2,0,B,C,12.2
Calle 85,Calle 57,10,3,0,2.94,4,2,C,C,32.23
Portal Sur,U. Nacional,22,6,0,3.55,3,0,B,C,12.41
Calle 72,Calle 100,16,2,0,1.38,2,0,A,B,13.36
Calle 57,Zona T,9,5,1,1.59,1,0,A,D,5.93
Calle 127,U. Nacional,13,6,0,2.99,4,0,D,D,17.15
Calle 145,Portal Sur,13,1,0,5.73,8,1,D,D,38.24
Calle 170,U. Nacional,23,3,0,4.3,6,0,D,A,24.7
Calle 85,Zona T,23,5,0,2.38,3,0,A,A,14.2
Calle 127,Portal Sur,15,1,0,6.38,7,0,A,D,28.5
Calle 85,Calle 72,7,0,1,1.29,1,0,A,C,6.86
Calle 127,Zona T,20,4,0,3.98,5,0,B,D,24.52
Calle 85,Calle 72,18,6,1,0.24,1,0,B,C,8.65
Portal Norte,U. Nacional,7,2,1,5.68,7,0,A,A,35.98
Calle 145,Calle 85,13,2,0,2.54,3,0,D,B,20.87
Zona T,U. Nacional,15,3,0,0.48,1,0,A,D,2.91
U. Nacional,Calle 85,6,2,0,1.29,2,0,A,A,7.33
Portal Norte,Calle 85,7,5,1,3.68,5,0,B,B,29.07
Zona T,Calle 145,14,4,0,5.51,6,0,D,B,25.29
Calle 72,Portal Sur,9,1,1,2.78,4,0,D,D,22.41
Portal Norte,Calle 57,10,3,0,6.92,9,0,D,A,42.4
Calle 127,Calle 100,6,4,0,0.9,1,0,A,B,2.0
Calle 85,Calle 127,18,0,1,2.37,2,0,C,D,17.39
Zona T,Portal Sur,14,4,0,1.29,2,0,D,D,7.84
Calle 57,Calle 170,15,2,0,6.54,8,0,B,C,37.0
Calle 57,Calle 170,8,2,1,6.73,8,2,A,B,55.03
Calle 85,Calle 145,20,3,0,2.31,3,0,D,B,11.11
Calle 57,Calle 72,17,1,1,1.71,3,0,D,B,14.31
Zona T,Calle 145,19,2,1,4.78,6,2,D,A,45.38
Calle 85,Portal Norte,19,1,1,3.74,5,2,D,D,36.17
Portal Sur,U. Nacional,17,5,1,2.39,3,0,D,D,20.07
Calle 145,Calle 170,22,0,0,2.06,1,0,B,C,2.91
Portal Norte,Calle 100,11,4,0,2.96,4,2,D,A,31.13
Calle 57,Calle 170,12,6,0,6.74,8,0,C,A,41.54
U. Nacional,Zona T,10,3,0,1.09,1,0,A,B,3.42
Calle 100,Portal Norte,18,2,1,3.5,4,1,D,A,29.33
Calle 127,Calle 57,15,6,0,5.21,6,0,D,B,28.52
Calle 57,Calle 145,10,6,0,6.13,7,1,C,C,40.01
Calle 57,Zona T,9,2,1,1.49,1,0,C,C,9.45
Calle 57,Calle 100,20,5,0,3.92,5,0,B,D,22.94
Portal Norte,Calle 100,8,5,1,3.8,4,0,B,B,18.55
Calle 85,Calle 127,16,3,0,1.78,2,0,B,C,7.82
Portal Sur,Calle 72,16,3,0,3.21,4,1,D,C,26.84
Calle 85,U. Nacional,19,2,1,1.7,2,0,A,A,12.14
U. Nacional,Portal Sur,15,6,0,1.72,3,0,A,D,15.74
Calle 127,Calle 72,10,3,0,2.72,3,0,C,C,19.99
Calle 100,Calle 85,21,4,0,0.65,1,0,B,D,5.16
Calle 85,Portal Sur,5,0,0,4.12,5,2,A,A,37.23
Calle 145,U. Nacional,18,0,1,3.95,5,0,D,B,26.34
Calle 145,Portal Sur,13,1,0,6.7,8,0,C,A,36.56
Portal Sur,Calle 85,12,0,0,3.78,5,1,A,D,28.08
Portal Sur,Calle 100,11,3,0,5.34,6,0,A,A,23.92
Calle 127,U. Nacional,6,1,0,3.27,4,0,D,A,15.9
Portal Norte,Calle 85,7,6,1,4.6,5,0,B,D,20.93
Calle 170,Calle 127,16,0,0,1.32,2,0,A,A,10.13
Calle 85,Calle 100,8,3,1,1.58,1,0,B,B,7.3
Calle 170,Zona T,22,0,0,5.32,7,0,B,D,37.14
Calle 85,Calle 127,8,3,1,0.88,2,0,D,B,5.4
Calle 170,Calle 145,7,4,1,1.02,1,0,D,C,5.99
Calle 72,Calle 85,8,1,1,0.29,1,0,C,A,9.63
Calle 127,Zona T,23,4,0,4.12,5,0,C,A,20.81
Portal Sur,Calle 100,10,4,0,4.16,6,0,B,D,29.62
Calle 100,Portal Sur,5,6,0,5.13,6,0,B,D,26.7
Calle 72,Calle 170,11,3,0,4.92,5,0,A,A,19.29
Calle 85,Calle 145,16,6,0,1.64,3,0,D,C,11.42
Zona T,Portal Sur,9,6,1,1.58,2,0,D,A,12.73
Portal Norte,Calle 57,6,0,0,7.08,9,1,A,D,46.56
Zona T,Calle 100,20,6,0,2.57,4,0,D,A,22.33
Portal Sur,Zona T,21,4,0,1.56,2,0,B,C,12.35
Calle 170,Calle 100,6,4,0,2.57,3,0,B,B,14.87
Zona T,Calle 85,16,4,0,2.68,3,0,A,C,14.84
Calle 72,Calle 127,5,1,0,2.72,3,0,A,D,17.49
Calle 170,U. Nacional,23,4,0,4.9,6,1,A,A,34.13
Calle 145,Portal Norte,9,3,1,1.56,2,0,C,C,16.32
Calle 145,Calle 85,8,5,1,2.06,3,0,C,A,21.9
Portal Norte,Calle 85,17,2,1,3.98,5,0,C,A,21.21
U. Nacional,Zona T,15,0,0,0.86,1,0,D,B,2.46
Calle 85,Calle 145,12,6,0,2.82,3,0,A,A,11.54
Calle 127,Zona T,4,0,0,3.78,5,0,A,B,16.83
Portal Norte,U. Nacional,15,3,0,5.37,7,0,B,A,24.23
Zona T,Portal Sur,17,1,1,0.81,2,0,C,B,14.28
Calle 72,Calle 85,12,6,0,1.19,1,0,A,C,5.78
Calle 170,Zona T,5,1,0,5.12,7,1,D,A,36.36
U. Nacional,Calle 100,13,2,0,2.4,3,0,A,D,10.02
Portal Norte,Calle 85,10,2,0,4.75,5,0,C,B,25.13
U. Nacional,Calle 85,22,3,0,1.49,2,0,B,B,9.08
Calle 145,Portal Norte,17,0,1,1.7,2,0,B,C,5.87
Portal Sur,Portal Norte,14,0,0,7.88,10,0,D,C,42.95
Calle 170,Calle 127,20,1,0,1.1,2,0,D,D,8.16
Portal Norte,Calle 145,12,0,0,2.5,2,0,A,B,10.92
Zona T,Calle 72,15,3,0,1.31,2,0,A,A,10.72
Zona T,Calle 145,16,0,0,5.5,6,0,A,D,29.77
Portal Sur,Calle 145,11,2,0,6.43,8,2,D,C,44.06
Calle 85,U. Nacional,12,1,0,1.95,2,0,A,B,10.18
Calle 145,Calle 57,7,1,1,6.05,7,2,D,C,46.41
Calle 72,Calle 170,21,2,0,4.52,5,0,B,D,20.89
Calle 100,U. Nacional,12,6,0,3.06,3,0,A,A,14.09
Calle 145,Portal Sur,13,6,0,7.44,8,0,A,B,33.93
Calle 85,Calle 145,6,5,0,3.27,3,0,B,C,14.09
Calle 72,Zona T,5,5,0,1.27,2,0,C,C,7.55
Calle 145,Portal Norte,16,6,0,1.44,2,0,D,B,10.27
Calle 170,U. Nacional,7,6,1,5.06,6,0,A,A,28.28
Portal Norte,Calle 127,8,1,1,2.39,3,0,D,C,22.93
Portal Sur,Calle 170,22,4,0,8.06,9,1,A,A,46.81
Calle 127,Portal Sur,18,6,1,5.62,7,2,A,A,44.86
U. Nacional,Portal Norte,9,4,1,5.91,7,0,D,D,31.43
Portal Norte,Calle 72,17,1,1,4.67,6,1,C,C,29.99
U. Nacional,Calle 145,5,4,0,4.2,5,0,B,C,24.44
U. Nacional,Calle 72,21,3,0,0.56,1,0,A,A,9.22
Calle 100,Calle 72,8,3,1,0.99,2,0,B,B,7.61
Portal Sur,Zona T,4,3,0,1.71,2,0,C,D,12.14
Zona T,U. Nacional,15,4,0,1.64,1,0,C,D,3.12
Calle 100,Calle 145,4,2,0,2.14,2,0,B,A,8.88
Calle 100,Portal Norte,19,4,1,3.11,4,1,B,A,28.65
Calle 127,Portal Sur,11,2,0,5.93,7,0,A,B,26.77
Calle 57,Calle 72,15,6,0,3.14,3,0,B,B,17.64
Calle 127,Calle 57,14,6,0,4.49,6,0,C,A,28.19
Calle 85,Calle 57,22,1,0,3.45,4,0,B,D,18.78
Zona T,Calle 100,9,3,1,2.92,4,1,B,B,23.99
Portal Norte,Zona T,19,0,1,6.39,8,1,B,C,47.52
Calle 145,Calle 85,5,0,0,2.67,3,0,B,B,12.39
Calle 170,Zona T,15,0,0,5.99,7,2,A,C,32.95
Calle 100,Calle 85,8,1,1,1.37,1,0,D,D,2.28
Portal Sur,Calle 85,9,5,1,3.82,5,0,C,B,22.14
Portal Sur,Calle 57,9,3,1,0.15,1,0,C,C,10.98
Calle 145,Portal Norte,22,3,0,1.37,2,0,A,B,10.04
Calle 57,Calle 85,23,1,0,3.18,4,0,A,D,19.43
Calle 145,Calle 85,6,1,0,2.44,3,0,C,C,9.65
Calle 145,Portal Sur,6,6,0,6.9,8,0,C,D,34.52
Portal Norte,Calle 100,10,1,0,2.42,4,0,C,C,16.72
Calle 170,Portal Norte,5,3,0,1.55,1,0,D,D,7.05
Calle 145,Calle 72,19,3,1,3.03,4,2,A,D,29.95
Calle 57,Portal Sur,11,1,0,0.64,1,0,D,A,10.73
Portal Norte,Calle 100,4,2,0,3.39,4,1,A,C,24.29
Calle 145,Calle 72,9,5,1,3.72,4,1,C,D,26.72
Portal Norte,Calle 72,9,4,1,4.67,6,0,B,A,29.41
Calle 170,Calle 85,10,1,0,3.16,4,0,C,C,17.89
Calle 100,Calle 127,7,0,1,1.16,1,0,D,D,7.66
Calle 145,Portal Norte,15,0,0,1.97,2,0,D,A,8.76
Calle 100,Portal Sur,23,3,0,4.84,6,1,B,B,26.01
Portal Sur,Calle 100,6,3,0,5.26,6,0,C,D,28.04
U. Nacional,Portal Sur,12,0,0,2.9,3,0,D,B,4.81
Calle 85,Calle 72,15,1,0,1.84,1,0,D,A,4.08
Calle 100,U. Nacional,18,2,1,2.95,3,0,B,C,13.38
Calle 57,Portal Norte,8,6,1,7.51,9,0,A,A,40.34
Portal Sur,Calle 85,21,3,0,3.69,5,0,B,A,28.24
Calle 72,Zona T,17,4,1,1.5,2,0,D,B,12.65
U. Nacional,Calle 100,6,3,0,2.84,3,0,A,B,14.99
Calle 170,U. Nacional,9,1,1,4.88,6,0,B,B,31.09
Portal Norte,Calle 72,6,5,0,6.0,6,0,B,C,26.83
Calle 85,Calle 170,6,3,0,3.3,4,0,C,C,21.15
Zona T,U. Nacional,4,6,0,1.35,1,0,D,A,8.06
Calle 72,Calle 145,8,4,1,3.52,4,0,A,A,17.57
Calle 57,Calle 170,13,6,0,7.22,8,0,C,D,32.56
Calle 100,Calle 72,19,4,1,1.75,2,0,D,A,9.74
Calle 145,Calle 100,16,1,0,1.57,2,0,D,A,9.99
Calle 72,Calle 85,11,0,0,0.96,1,0,D,C,5.77
Calle 85,Portal Norte,14,6,0,4.81,5,0,C,C,23.86
U. Nacional,Portal Sur,7,6,1,2.28,3,0,B,B,19.39
Calle 100,U. Nacional,14,2,0,2.99,3,0,D,A,9.82
Calle 127,U. Nacional,10,6,0,3.5,4,0,D,C,20.1
Portal Norte,Zona T,9,0,1,6.25,8,2,B,A,53.13
Calle 145,Calle 127,10,6,0,0.72,1,0,A,B,4.88
Portal Norte,U. Nacional,5,2,0,5.51,7,0,C,C,31.55
U. Nacional,Zona T,16,5,0,0.25,1,0,A,A,2.0
Calle 127,Calle 85,19,4,1,2.4,2,0,D,B,9.46
U. Nacional,Calle 57,21,2,0,1.1,2,0,C,B,2.54
Calle 100,Calle 170,13,0,0,2.08,3,0,D,A,9.53
Calle 145,Calle 57,10,6,0,6.42,7,1,B,C,39.53
Portal Sur,Calle 72,20,0,0,2.86,4,0,A,D,24.76
Calle 145,Portal Sur,9,4,1,6.89,8,0,B,C,38.03
Calle 57,Calle 100,12,3,0,2.75,5,0,C,D,29.37
Calle 100,Calle 127,18,2,1,0.11,1,0,D,A,2.56
Portal Norte,Zona T,15,4,0,6.91,8,0,C,C,43.32
Portal Sur,Calle 170,19,0,1,7.89,9,2,C,C,55.19
Calle 100,Portal Sur,13,1,0,5.1,6,1,A,D,34.56
Portal Sur,Calle 85,8,5,1,4.38,5,2,C,C,36.34
Calle 72,Portal Norte,22,5,0,4.85,6,0,B,C,26.81
Calle 127,Portal Sur,21,5,0,5.22,7,0,C,C,30.66
Calle 145,Portal Sur,21,1,0,5.55,8,2,B,C,45.7
Zona T,Calle 145,14,5,0,4.31,6,2,B,C,33.69
Calle 72,Calle 85,15,2,0,0.89,1,0,C,D,8.68
Calle 170,U. Nacional,5,6,0,5.26,6,0,A,D,22.29
Calle 127,Zona T,7,6,1,3.51,5,0,C,D,28.32
Portal Norte,Calle 145,8,1,1,1.11,2,0,C,D,11.33
Calle 57,U. Nacional,8,2,1,1.88,2,0,B,A,9.09
U. Nacional,Calle 85,9,2,1,1.65,2,0,A,A,8.0
U. Nacional,Calle 100,10,6,0,2.1,3,0,B,B,14.46
U. Nacional,Calle 170,8,4,1,4.0,6,0,D,D,31.32
Calle 72,U. Nacional,16,0,0,0.79,1,0,A,B,6.16
Calle 85,Portal Norte,14,6,0,4.11,5,0,B,A,26.59
Portal Sur,Portal Norte,11,1,0,8.06,10,0,C,C,43.71
Calle 145,Calle 170,16,4,0,0.86,1,0,C,B,6.13
Calle 170,Portal Norte,13,2,0,0.82,1,0,D,C,4.62
Calle 72,Portal Sur,8,2,1,2.85,4,0,D,C,19.01
Calle 127,Calle 145,16,0,0,0.1,1,0,B,B,9.75
Calle 145,Calle 127,4,4,0,0.18,1,0,B,A,2.42
Calle 85,Portal Sur,5,3,0,3.64,5,0,C,A,25.18
Calle 57,Portal Norte,7,5,1,7.05,9,0,A,A,47.24
Calle 72,U. Nacional,16,0,0,0.46,1,0,C,D,5.34
Calle 145,Calle 127,4,2,0,0.38,1,0,D,A,10.94
Portal Sur,Zona T,12,4,0,1.01,2,0,B,D,9.93
Calle 170,Zona T,23,0,0,5.92,7,1,D,B,37.74
Calle 57,Calle 127,12,6,0,4.71,6,0,B,C,26.61
Calle 72,Calle 100,9,0,1,1.62,2,0,D,B,11.56
U. Nacional,Calle 85,11,0,0,2.08,2,0,A,A,15.63
Calle 170,Calle 57,19,1,1,6.12,8,0,A,A,34.89
Calle 100,Portal Sur,11,3,0,4.76,6,0,C,C,34.74
U. Nacional,Portal Norte,7,6,1,5.2,7,1,C,C,44.42
Portal Sur,Calle 85,17,5,1,4.84,5,1,A,B,28.84
Portal Sur,Calle 145,14,2,0,6.68,8,0,C,A,40.89
Calle 85,Calle 145,7,3,1,2.21,3,0,D,D,15.89
Calle 100,Calle 72,19,6,1,1.31,2,0,D,B,8.96
Calle 170,Calle 145,5,6,0,0.48,1,0,B,A,2.0
Calle 72,Calle 57,19,6,1,2.42,3,0,D,B,14.19
Calle 57,Calle 72,15,4,0,2.52,3,0,A,B,8.83
U. Nacional,Calle 170,17,3,1,4.97,6,2,C,A,42.5
Portal Sur,Zona T,22,5,0,0.6,2,0,B,C,10.12
Zona T,Calle 57,7,3,1,1.41,1,0,B,D,3.87
Calle 85,Portal Sur,16,1,0,4.84,5,0,A,A,23.76
Portal Sur,Calle 145,20,6,0,6.05,8,0,D,B,35.83
Calle 170,U. Nacional,14,1,0,5.08,6,2,A,B,37.23
Zona T,Portal Sur,16,3,0,1.87,2,0,B,A,6.24
U. Nacional,Calle 57,18,0,1,1.68,2,0,D,D,7.76
Calle 85,Calle 170,19,5,1,3.14,4,0,A,D,18.29
Calle 72,Portal Norte,21,4,0,4.43,6,1,C,B,35.71
Portal Sur,U. Nacional,14,2,0,2.95,3,0,A,B,15.33
U. Nacional,Calle 85,21,6,0,1.05,2,0,D,C,8.05
U. Nacional,Calle 170,7,6,1,5.41,6,0,A,C,30.43
Calle 85,Portal Sur,13,4,0,5.16,5,0,A,A,23.68
Calle 145,U. Nacional,8,6,1,4.1,5,0,D,A,24.57
Calle 100,Calle 57,10,1,0,4.07,5,2,B,D,32.04
Calle 127,Calle 85,7,6,1,1.95,2,0,D,A,14.87
Portal Sur,Calle 57,7,6,1,0.41,1,0,D,D,3.51
Portal Sur,Calle 57,20,1,0,0.1,1,0,D,A,6.02
Zona T,Portal Norte,21,3,0,5.85,8,0,D,B,29.54
Calle 57,Calle 145,8,0,1,5.79,7,2,D,D,51.98
Calle 57,Calle 127,12,3,0,4.8,6,0,C,D,29.52
Calle 145,Calle 72,23,5,0,3.24,4,0,C,C,17.7
Zona T,Portal Sur,10,1,0,2.06,2,0,B,C,8.13
Portal Sur,Calle 85,8,5,1,4.13,5,0,B,C,26.47
Calle 170,Calle 85,21,3,0,2.87,4,0,D,C,20.98
Calle 72,Portal Norte,20,0,0,4.71,6,1,A,A,29.73
Calle 127,Calle 100,9,2,1,1.07,1,0,C,B,4.8
Portal Norte,Calle 100,10,6,0,3.21,4,0,C,D,17.97
Calle 170,Calle 57,21,6,0,6.94,8,2,B,C,47.42
Portal Sur,Portal Norte,16,3,0,7.99,10,0,C,A,47.45
Portal Norte,Calle 100,10,4,0,3.9,4,0,D,B,19.67
Portal Sur,Calle 85,22,4,0,4.01,5,0,B,B,18.56
Calle 100,U. Nacional,9,5,1,1.87,3,0,A,B,15.58
Calle 145,Zona T,7,3,1,4.5,6,2,C,B,39.44
Calle 145,Calle 57,12,0,0,5.63,7,1,A,B,38.09
Calle 85,Calle 57,5,6,0,3.16,4,0,C,D,19.46
Calle 57,Zona T,15,0,0,0.83,1,0,C,B,2.0
Calle 145,Zona T,6,6,0,4.33,6,0,D,D,26.57
Calle 170,Calle 85,11,1,0,2.6,4,0,C,C,19.8
Calle 100,Calle 127,23,4,0,1.57,1,0,D,A,8.16
Calle 170,Portal Sur,15,3,0,7.09,9,1,A,C,49.97
Calle 72,Calle 170,16,2,0,4.07,5,0,C,A,21.49
Zona T,Calle 85,20,6,0,2.09,3,0,D,D,12.59
Portal Norte,Calle 100,10,2,0,3.01,4,0,A,B,18.51
Zona T,Portal Norte,6,1,0,6.48,8,0,B,D,36.01
Calle 170,Calle 127,21,6,0,1.82,2,0,D,A,12.57
Portal Sur,Calle 145,4,3,0,6.87,8,0,A,A,31.55
Calle 170,Portal Norte,9,6,1,0.1,1,0,C,A,10.3
Calle 57,Calle 127,12,3,0,4.12,6,2,D,C,36.33
Portal Norte,Calle 72,7,4,1,4.21,6,1,A,A,29.59
Calle 85,Zona T,7,2,1,2.67,3,0,C,A,18.78
Calle 100,U. Nacional,16,3,0,2.11,3,0,A,D,5.73
Calle 145,Zona T,11,1,0,4.53,6,0,C,B,28.18
Calle 100,Portal Sur,15,0,0,4.06,6,0,B,A,27.55
Portal Norte,Calle 57,23,3,0,7.19,9,0,A,C,42.24
Calle 127,Calle 85,10,3,0,1.66,2,0,B,B,6.08
Calle 145,Calle 127,23,6,0,1.4,1,0,C,B,4.02
Calle 170,Calle 145,22,6,0,0.79,1,0,A,D,2.0
Portal Sur,Zona T,6,2,0,1.38,2,0,A,C,6.35
Calle 170,Calle 127,22,3,0,1.51,2,0,C,C,14.14
Calle 145,Portal Sur,11,0,0,5.71,8,1,B,C,36.16
U. Nacional,Calle 85,23,5,0,2.34,2,0,C,B,8.37
Calle 57,Calle 85,14,3,0,2.87,4,2,B,B,31.12
Portal Sur,Calle 72,12,6,0,2.9,4,2,D,D,33.48
U. Nacional,Calle 85,13,3,0,1.94,2,0,A,B,7.54
Portal Sur,Calle 57,6,6,0,1.88,1,0,C,B,2.68
Zona T,Calle 127,12,5,0,4.37,5,0,A,A,23.4
Portal Norte,Zona T,4,6,0,7.05,8,0,D,B,40.68
Portal Norte,Zona T,12,4,0,6.42,8,0,D,B,33.74
Calle 85,Calle 72,11,6,0,1.03,1,0,C,B,2.47
U. Nacional,Zona T,20,0,0,1.81,1,0,D,C,4.91
Zona T,Portal Norte,11,6,0,6.22,8,0,B,B,36.55
U. Nacional,Calle 145,9,4,1,3.33,5,0,B,D,22.59
Calle 85,Portal Norte,11,6,0,4.6,5,0,A,C,20.53
Calle 85,Calle 127,5,5,0,1.08,2,0,B,C,10.61
Calle 72,U. Nacional,18,0,1,1.39,1,0,A,C,9.66
Calle 170,Zona T,12,6,0,6.1,7,0,B,D,29.23
Portal Sur,Calle 72,15,4,0,2.49,4,0,A,C,22.5
Calle 72,Calle 127,20,3,0,2.24,3,0,C,C,12.75
U. Nacional,Calle 57,4,4,0,2.26,2,0,B,D,10.67
Calle 145,Calle 127,6,4,0,1.03,1,0,C,B,11.0
Calle 145,Calle 85,23,5,0,2.08,3,0,A,B,16.28
Calle 72,Calle 85,7,3,1,0.83,1,0,D,D,8.31
Calle 127,Calle 57,9,5,1,5.56,6,0,A,B,31.52
Portal Norte,Calle 145,22,4,0,1.87,2,0,B,B,12.22
Portal Sur,Zona T,5,4,0,1.42,2,0,B,A,6.48
Calle 145,Calle 100,9,4,1,1.08,2,0,D,A,6.1
Portal Sur,Calle 100,6,1,0,5.83,6,0,D,D,23.69
Calle 145,Calle 127,17,4,1,0.69,1,0,B,B,6.67
Calle 57,Portal Sur,20,2,0,0.95,1,0,B,C,6.95
U. Nacional,Calle 57,22,0,0,2.03,2,0,B,D,7.25
Calle 72,Calle 145,7,0,1,3.12,4,2,B,A,31.85
Calle 145,U. Nacional,23,4,0,3.88,5,1,A,D,32.32
Portal Sur,Calle 145,23,4,0,6.65,8,0,D,D,38.2
Calle 85,Portal Norte,20,3,0,4.33,5,2,D,C,36.02
Calle 57,Calle 170,17,1,1,6.49,8,1,A,C,40.11
Calle 57,Zona T,17,2,1,1.0,1,0,B,A,5.55
Portal Norte,Calle 57,20,0,0,6.94,9,0,D,B,42.26
Calle 85,Calle 72,15,0,0,1.42,1,0,B,D,4.56
Portal Sur,Calle 57,12,2,0,0.95,1,0,D,C,9.61
Calle 57,Calle 100,16,6,0,4.12,5,2,B,C,40.31
Zona T,U. Nacional,12,2,0,1.08,1,0,C,D,2.0
Calle 145,Portal Sur,7,5,1,6.78,8,1,A,B,45.14
Zona T,Calle 72,14,6,0,2.24,2,0,A,B,11.02
Calle 72,Portal Sur,4,6,0,3.13,4,1,D,D,19.33
Calle 170,Calle 100,11,2,0,2.3,3,0,A,A,10.95
Calle 72,Calle 57,20,2,0,2.11,3,0,A,B,15.27
Portal Sur,U. Nacional,18,0,1,3.23,3,0,B,C,17.68
Calle 127,Portal Norte,23,4,0,1.8,3,0,B,B,14.83
Portal Sur,Portal Norte,15,1,0,8.6,10,0,B,A,43.17
Calle 100,Calle 72,15,5,0,1.53,2,0,D,D,9.04
Calle 57,Calle 127,20,0,0,4.41,6,0,A,A,28.94
Zona T,Calle 100,21,4,0,3.14,4,2,B,B,29.26
U. Nacional,Calle 72,22,0,0,0.36,1,0,C,B,3.19
Calle 72,Zona T,7,4,1,1.96,2,0,A,C,10.88
Calle 85,Calle 170,20,2,0,4.06,4,0,C,D,16.8
Calle 72,Calle 57,19,6,1,2.51,3,0,B,C,19.3
U. Nacional,Portal Sur,18,4,1,1.69,3,0,A,D,11.22
Calle 170,Calle 100,6,3,0,1.64,3,0,B,B,17.29
Calle 85,Calle 72,15,4,0,0.52,1,0,A,C,12.17
Calle 127,Calle 100,6,3,0,0.52,1,0,C,A,5.05
Zona T,Calle 145,19,2,1,5.57,6,2,B,B,46.02
U. Nacional,Calle 127,11,5,0,4.23,4,2,B,B,31.63
Calle 127,Calle 57,15,1,0,5.31,6,0,A,A,28.78
Portal Sur,U. Nacional,23,0,0,2.79,3,0,A,D,11.85
Calle 85,Calle 57,14,3,0,2.79,4,0,C,D,17.99
Calle 145,Zona T,12,3,0,4.71,6,1,A,D,30.64
U. Nacional,Zona T,5,4,0,1.15,1,0,C,D,7.37
Portal Sur,Calle 145,18,0,1,6.44,8,0,D,C,43.43
Portal Norte,Portal Sur,10,3,0,7.43,10,0,C,C,44.42
Calle 57,Calle 100,9,4,1,3.64,5,2,D,C,29.9
Calle 85,Calle 145,19,3,1,2.36,3,0,B,D,16.13
Calle 85,Calle 72,12,3,0,1.56,1,0,B,B,6.39
Calle 57,Portal Sur,11,6,0,0.29,1,0,A,C,10.06
Calle 127,Zona T,17,6,1,4.61,5,1,B,D,32.25
Portal Norte,Calle 145,17,3,1,1.49,2,0,B,C,9.12
U. Nacional,Calle 100,12,4,0,2.21,3,0,A,D,16.77
Calle 170,Calle 145,5,1,0,1.74,1,0,C,D,9.13
Portal Sur,Calle 170,18,5,1,6.96,9,2,C,C,50.14
Calle 85,Portal Norte,17,0,1,4.07,5,1,B,C,25.19
Calle 85,Portal Sur,20,3,0,4.16,5,0,D,A,22.06
Calle 72,Calle 57,13,3,0,2.17,3,0,B,B,8.72
Portal Sur,Calle 85,17,5,1,4.26,5,0,D,A,23.9
Calle 170,Calle 145,14,1,0,0.22,1,0,C,C,2.0
Portal Sur,Calle 100,12,4,0,4.79,6,0,C,D,32.32
Calle 85,Calle 57,20,3,0,4.03,4,0,B,A,16.63
Calle 145,Calle 127,12,5,0,0.5,1,0,A,B,5.91
Calle 145,Calle 72,7,0,1,2.7,4,2,A,A,31.91
Calle 72,Zona T,6,0,0,1.98,2,0,C,B,12.68
Calle 170,Portal Sur,16,2,0,7.15,9,2,D,B,49.89
Calle 145,Zona T,9,0,1,4.36,6,2,C,D,37.52
U. Nacional,Zona T,12,4,0,0.69,1,0,D,B,5.6
Zona T,Calle 145,22,4,0,5.26,6,0,D,C,24.59
Calle 85,U. Nacional,21,1,0,2.35,2,0,A,D,8.19
Calle 100,Calle 85,17,2,1,0.79,1,0,B,C,5.26
Portal Norte,Zona T,8,2,1,5.19,8,1,D,D,46.65
Calle 100,Portal Norte,17,6,1,3.57,4,1,A,C,25.16
Calle 127,Calle 72,21,3,0,2.43,3,0,D,B,15.05
Calle 145,Portal Sur,16,6,0,5.62,8,2,A,D,44.41
Portal Sur,Calle 127,20,6,0,6.0,7,0,C,C,27.74
Portal Sur,Zona T,12,3,0,1.75,2,0,B,A,4.93
Calle 145,Calle 100,7,5,1,1.83,2,0,D,D,11.89
Calle 100,Calle 57,19,1,1,3.19,5,1,A,A,33.99
Calle 145,Calle 170,13,2,0,0.43,1,0,B,D,2.07
Portal Norte,Calle 127,6,1,0,2.5,3,0,A,D,16.95
Calle 127,Calle 85,17,2,1,1.09,2,0,D,C,12.19
U. Nacional,Portal Norte,14,0,0,5.81,7,0,B,A,33.58
Calle 100,Calle 72,6,4,0,1.69,2,0,D,B,7.9
Calle 127,Calle 100,16,6,0,0.39,1,0,A,A,4.76
Calle 127,Calle 72,18,1,1,1.86,3,0,A,B,7.74
U. Nacional,Calle 170,20,5,0,5.02,6,0,D,D,29.71
Portal Sur,Calle 100,14,1,0,3.62,6,0,A,A,23.97
Calle 100,U. Nacional,13,1,0,2.71,3,0,C,A,19.67
Portal Sur,Calle 127,7,1,1,5.61,7,0,C,A,32.32
Calle 145,Calle 100,22,0,0,1.51,2,0,D,B,13.12
Portal Norte,Calle 57,19,5,1,6.88,9,0,C,A,41.1
Calle 127,Calle 145,19,0,1,0.56,1,0,C,A,4.64
Portal Norte,Calle 85,8,5,1,4.06,5,0,A,B,30.37
U. Nacional,Calle 127,14,4,0,3.36,4,0,C,D,17.24
Calle 127,Portal Norte,16,2,0,2.25,3,0,B,C,8.81
Portal Norte,U. Nacional,18,4,1,6.04,7,2,B,B,44.27
Zona T,Calle 85,14,5,0,2.31,3,0,D,C,23.08
Calle 57,Zona T,9,0,1,0.95,1,0,B,D,5.24
Calle 100,Zona T,15,3,0,2.99,4,2,B,A,31.45
Calle 57,Calle 85,23,1,0,3.26,4,1,D,B,18.69
Zona T,Portal Sur,19,6,1,2.06,2,0,B,C,10.0
Calle 85,Calle 72,14,0,0,1.74,1,0,A,A,7.74
Portal Norte,Calle 145,9,6,1,1.38,2,0,A,B,15.84
Calle 170,U. Nacional,10,0,0,4.83,6,2,D,C,39.56
Portal Norte,Calle 85,11,4,0,4.24,5,0,A,B,19.96
Portal Sur,U. Nacional,6,3,0,2.08,3,0,A,C,16.59
Zona T,Calle 72,15,6,0,1.43,2,0,A,C,7.79
Zona T,Portal Norte,6,6,0,5.92,8,1,A,A,42.27
Calle 127,Zona T,16,1,0,5.03,5,1,B,D,24.3
Calle 170,Portal Sur,22,2,0,7.21,9,0,D,A,44.74
Calle 145,Zona T,16,4,0,4.76,6,1,D,C,33.36
Calle 85,Zona T,14,6,0,1.87,3,0,C,D,14.78
Portal Sur,Calle 72,14,4,0,3.11,4,1,D,C,25.96
Calle 85,U. Nacional,18,3,1,2.19,2,0,A,A,19.77
Calle 100,Calle 57,4,4,0,4.29,5,2,A,C,33.48
Calle 127,Calle 85,4,6,0,1.7,2,0,C,B,7.94
Calle 170,Portal Norte,18,2,1,0.97,1,0,B,B,6.61
Calle 100,Calle 85,22,1,0,0.88,1,0,B,C,8.45
Calle 100,Calle 170,22,3,0,1.9,3,0,B,A,16.92
Calle 85,U. Nacional,9,3,1,2.26,2,0,A,C,11.65
Portal Norte,Calle 57,16,0,0,6.14,9,0,C,C,38.68
Calle 72,Calle 170,11,5,0,4.65,5,0,A,D,22.43
Portal Norte,Calle 100,20,0,0,2.7,4,1,C,B,21.49
Calle 145,Portal Norte,16,3,0,2.02,2,0,A,B,10.64
Calle 72,Calle 100,16,1,0,1.48,2,0,B,C,7.9
Calle 170,U. Nacional,22,5,0,4.6,6,2,C,A,34.23
Calle 72,Zona T,17,6,1,2.41,2,0,B,B,11.03
U. Nacional,Zona T,10,3,0,1.41,1,0,D,B,9.06
Zona T,Calle 57,20,1,0,1.3,1,0,B,A,3.21
Calle 100,Calle 72,14,5,0,1.8,2,0,A,A,8.93
Portal Sur,Calle 72,17,2,1,2.75,4,2,C,A,31.97
Calle 100,Calle 145,15,4,0,1.01,2,0,D,B,12.56
U. Nacional,Portal Norte,11,1,0,5.37,7,0,B,A,32.1
Calle 170,Portal Norte,11,4,0,0.94,1,0,B,C,3.72
Portal Norte,Calle 85,7,2,1,4.29,5,0,A,C,24.08
Calle 127,Zona T,10,1,0,4.44,5,0,C,D,18.46
Calle 57,Calle 145,4,3,0,5.66,7,0,A,C,37.32
Calle 145,Portal Norte,13,1,0,1.1,2,0,C,A,6.97
U. Nacional,Portal Sur,4,0,0,2.66,3,0,D,C,14.04
Portal Sur,Calle 85,7,0,1,4.18,5,2,B,D,36.97
Zona T,Calle 170,14,3,0,5.92,7,0,A,B,34.83
Calle 127,Zona T,18,4,1,4.2,5,0,A,A,24.78
Calle 127,Zona T,13,2,0,4.34,5,0,B,A,28.2
Calle 85,Portal Sur,15,2,0,3.93,5,0,B,C,19.58
Portal Norte,Portal Sur,12,3,0,8.55,10,0,A,C,44.64
Calle 127,Calle 145,14,3,0,0.1,1,0,B,A,7.04
Calle 72,Zona T,23,6,0,1.33,2,0,B,D,8.73
Calle 127,Calle 57,8,3,1,4.97,6,0,C,D,30.57
Zona T,Calle 145,10,5,0,5.15,6,1,B,C,30.69
Zona T,Calle 145,17,6,1,5.06,6,1,C,A,34.22
Zona T,Calle 170,9,2,1,5.97,7,0,B,A,36.35
Calle 85,Calle 72,17,2,1,0.33,1,0,D,C,10.76
Calle 145,Calle 127,7,1,1,0.53,1,0,B,A,9.92
Calle 57,Calle 100,23,4,0,4.18,5,0,B,B,28.01
Portal Sur,Portal Norte,15,0,0,7.89,10,0,D,B,43.95
Zona T,Calle 57,19,5,1,0.79,1,0,C,B,6.59
Calle 72,U. Nacional,19,1,1,1.2,1,0,B,B,2.65
Calle 127,Portal Norte,17,6,1,1.87,3,0,A,C,13.3
Calle 72,Calle 127,10,6,0,2.88,3,0,B,A,18.63
Calle 145,U. Nacional,23,3,0,3.95,5,0,D,B,21.99
Calle 72,Portal Norte,23,5,0,4.84,6,0,C,D,30.49
Calle 57,Zona T,20,5,0,0.34,1,0,A,A,5.22
U. Nacional,Portal Norte,11,4,0,6.09,7,0,A,D,33.0
Zona T,Portal Sur,5,1,0,1.69,2,0,C,D,12.0
Calle 72,Calle 100,13,3,0,0.25,2,0,B,D,11.03
Calle 100,Calle 57,5,5,0,3.67,5,0,B,D,17.01
Portal Sur,U. Nacional,6,5,0,2.66,3,0,A,B,17.62
Calle 57,Zona T,8,3,1,0.73,1,0,D,C,10.36
U. Nacional,Portal Norte,9,3,1,6.41,7,0,B,D,38.44
Calle 170,Calle 100,14,5,0,3.22,3,0,B,A,15.73
Calle 170,U. Nacional,15,0,0,4.84,6,0,D,B,22.19
Calle 72,Zona T,16,0,0,1.48,2,0,B,C,6.47
Calle 57,Portal Sur,8,1,1,1.89,1,0,B,B,6.97
Portal Norte,Calle 72,13,2,0,4.86,6,0,D,C,28.65
Portal Sur,Calle 145,7,1,1,6.42,8,0,A,C,44.09
Portal Norte,U. Nacional,19,6,1,5.29,7,0,A,D,35.08
Calle 127,Calle 57,19,3,1,4.43,6,0,A,A,26.04
Calle 127,Zona T,12,4,0,3.69,5,0,B,A,22.39
Calle 145,Portal Norte,15,0,0,1.39,2,0,B,A,6.92
Portal Sur,Calle 57,23,2,0,0.1,1,0,C,A,4.25
Portal Norte,Calle 170,17,1,1,0.1,1,0,B,C,9.78
Calle 57,Portal Sur,23,4,0,0.84,1,0,B,D,2.0
Calle 57,Calle 85,5,0,0,3.05,4,0,C,C,15.74
Calle 72,Calle 170,17,6,1,4.16,5,0,C,D,29.52
Calle 145,Calle 170,12,2,0,0.1,1,0,D,B,4.85
Calle 127,Calle 57,5,0,0,4.72,6,0,A,D,29.01
Calle 57,Calle 100,17,4,1,4.11,5,0,C,C,23.24
Calle 145,Calle 57,22,3,0,5.44,7,0,D,D,29.11
Calle 145,Calle 57,11,5,0,6.14,7,1,A,A,36.56
Portal Norte,U. Nacional,7,5,1,6.55,7,0,D,D,34.32
Portal Norte,Calle 85,15,4,0,3.65,5,0,B,A,17.96
Portal Sur,Calle 127,13,2,0,4.7,7,0,C,C,26.75
Zona T,Calle 85,4,0,0,2.53,3,0,C,C,15.03
Calle 72,Calle 57,23,0,0,1.61,3,0,B,B,16.19
Calle 85,Portal Sur,19,3,1,3.76,5,0,B,D,25.94
Calle 145,Portal Sur,18,6,1,7.21,8,0,C,D,41.69
Calle 72,Portal Norte,20,2,0,4.67,6,0,C,A,24.33
Calle 127,Calle 57,14,6,0,3.72,6,0,C,A,24.84
Calle 145,Calle 100,4,2,0,1.49,2,0,D,B,6.04
Calle 57,Calle 72,9,4,1,2.33,3,0,A,C,16.73
Calle 85,Portal Norte,12,3,0,3.89,5,1,C,D,25.55
Calle 100,Calle 127,20,2,0,0.88,1,0,B,A,5.83
Calle 85,Portal Norte,10,0,0,3.45,5,0,A,D,26.73
Zona T,Calle 145,10,2,0,4.75,6,0,C,C,27.06
Calle 145,Calle 170,20,5,0,1.15,1,0,B,B,5.2
Portal Norte,U. Nacional,16,5,0,6.08,7,0,A,A,32.36
Calle 100,Portal Norte,23,6,0,2.89,4,2,A,A,29.08
Zona T,Portal Sur,13,0,0,1.03,2,0,C,B,9.33
Calle 85,Calle 127,10,2,0,1.58,2,0,C,C,8.38
U. Nacional,Portal Sur,7,2,1,2.34,3,0,B,B,10.85
Calle 100,Calle 170,4,4,0,2.13,3,0,A,B,13.78
Zona T,Calle 85,21,2,0,2.48,3,0,C,B,10.42
Calle 100,Calle 57,11,1,0,4.63,5,2,D,A,29.9
Calle 145,Portal Norte,19,5,1,2.08,2,0,A,A,13.28
Calle 72,Portal Norte,6,3,0,4.48,6,2,C,C,42.33
Calle 85,Calle 127,21,0,0,1.0,2,0,D,B,11.76
Calle 170,U. Nacional,7,3,1,5.3,6,2,D,B,37.99
Calle 127,Calle 145,23,2,0,1.5,1,0,C,D,3.75
Calle 145,Portal Sur,14,6,0,6.54,8,0,C,D,36.78
U. Nacional,Portal Norte,6,3,0,5.53,7,2,D,B,43.93
Calle 100,Calle 85,23,4,0,1.2,1,0,B,A,2.0
Calle 72,Calle 170,14,4,0,4.65,5,0,C,D,17.51
Calle 72,Calle 57,17,1,1,2.92,3,0,B,B,19.88
U. Nacional,Calle 72,6,2,0,0.25,1,0,B,D,3.27
Calle 72,Calle 57,14,4,0,1.85,3,0,B,B,12.86
Portal Sur,Calle 170,22,6,0,7.05,9,0,D,C,42.84
Zona T,Calle 170,18,1,1,6.26,7,2,A,A,48.69
Portal Sur,Calle 57,16,2,0,0.52,1,0,D,A,3.87
Calle 170,Calle 127,8,4,1,0.76,2,0,A,B,9.58
Portal Sur,Calle 145,18,4,1,6.88,8,2,B,B,53.85
Portal Sur,Calle 85,13,4,0,3.38,5,0,C,D,20.72
Calle 85,Calle 170,22,0,0,3.19,4,0,D,B,18.84
Calle 100,Portal Norte,15,4,0,2.8,4,0,A,C,19.27
Calle 170,Calle 100,4,1,0,2.16,3,0,D,D,13.46
Portal Sur,Calle 85,16,3,0,4.27,5,1,B,D,27.52
Calle 145,Calle 127,21,3,0,0.58,1,0,C,D,4.17
Calle 145,Calle 100,8,1,1,1.56,2,0,A,A,10.89
Portal Sur,Portal Norte,8,5,1,7.87,10,0,D,B,52.8
Calle 170,Calle 145,17,6,1,1.08,1,0,D,D,6.61
Calle 57,Calle 145,18,4,1,5.95,7,0,D,D,33.5
Calle 85,Calle 127,9,3,1,2.19,2,0,A,D,13.11
Calle 127,Zona T,12,3,0,3.95,5,0,C,A,23.84
Portal Norte,Calle 57,19,5,1,6.41,9,2,A,B,50.12
Zona T,Calle 100,18,4,1,2.6,4,1,B,D,26.43
Portal Sur,Calle 170,21,6,0,8.07,9,0,A,C,47.19
Zona T,Portal Norte,19,3,1,6.72,8,0,D,C,40.5
Calle 72,Calle 85,13,2,0,0.1,1,0,B,A,2.87
Calle 57,Calle 100,22,2,0,3.61,5,2,B,A,30.64
Portal Sur,Calle 100,23,0,0,4.72,6,1,B,A,30.58
Calle 100,Calle 145,23,2,0,0.61,2,0,C,C,11.24
Portal Norte,Calle 170,23,1,0,0.26,1,0,B,D,5.22
Calle 85,Calle 145,12,6,0,3.44,3,0,B,D,10.74
Calle 145,Zona T,5,2,0,3.53,6,0,B,B,26.14
U. Nacional,Calle 72,16,1,0,1.35,1,0,D,B,10.38
Calle 127,Calle 57,15,0,0,4.19,6,0,A,A,28.49
Calle 145,U. Nacional,16,3,0,3.77,5,1,D,D,27.18
U. Nacional,Calle 100,8,4,1,3.72,3,0,D,A,11.99
Calle 100,U. Nacional,16,5,0,2.53,3,0,C,A,14.9
Calle 170,Zona T,15,6,0,6.14,7,0,C,C,31.79
Calle 100,Calle 170,12,5,0,2.55,3,0,D,D,12.33
Portal Sur,Calle 127,22,6,0,5.73,7,2,B,C,40.47
Zona T,Portal Norte,4,6,0,6.71,8,2,A,A,44.89
Portal Sur,U. Nacional,15,1,0,2.59,3,0,C,C,13.41
Calle 127,Portal Norte,4,4,0,2.96,3,0,A,A,13.35
Calle 57,Portal Sur,10,4,0,0.1,1,0,A,A,8.29
Calle 170,Calle 57,8,3,1,5.95,8,0,B,A,37.04
Calle 145,Calle 100,13,3,0,1.3,2,0,A,D,13.12
Calle 100,Calle 72,14,2,0,0.53,2,0,B,A,18.41
Calle 100,Portal Norte,16,3,0,3.73,4,1,C,C,23.67
Calle 145,U. Nacional,6,3,0,3.97,5,0,B,D,23.36
Calle 145,Portal Sur,19,0,1,6.66,8,2,B,A,50.94
U. Nacional,Calle 100,7,0,1,2.68,3,0,A,A,16.77
Calle 57,Calle 100,18,0,1,3.9,5,0,B,A,25.05
Portal Norte,Portal Sur,16,2,0,7.9,10,2,D,A,58.4
Zona T,U. Nacional,19,3,1,1.1,1,0,D,A,2.0
Zona T,Calle 127,4,3,0,4.33,5,0,D,A,23.08
Calle 57,Zona T,15,2,0,0.79,1,0,C,D,3.33
Portal Norte,Portal Sur,6,2,0,8.56,10,0,C,A,47.84
U. Nacional,Calle 100,10,1,0,2.01,3,0,A,D,14.72
Portal Sur,Calle 127,13,5,0,5.11,7,1,C,D,32.36
Calle 170,Portal Sur,18,5,1,6.89,9,1,B,A,51.09
Calle 57,Calle 127,19,3,1,5.28,6,2,D,D,41.54
Portal Norte,Calle 85,5,2,0,4.36,5,0,A,D,24.05
Calle 170,Calle 127,20,3,0,1.28,2,0,B,B,10.3
Calle 170,Portal Norte,8,3,1,1.2,1,0,A,D,9.76
Calle 57,Portal Norte,11,5,0,7.79,9,0,A,B,42.62
Portal Sur,Portal Norte,13,6,0,8.18,10,0,D,B,48.21
Calle 57,Calle 170,7,0,1,6.39,8,0,B,A,36.35
Calle 127,Calle 72,14,6,0,2.32,3,0,D,C,11.27
Calle 170,Portal Sur,22,4,0,6.86,9,1,A,B,45.07
Calle 85,Calle 170,7,2,1,2.8,4,2,B,C,30.08
Zona T,Calle 145,18,1,1,3.85,6,0,A,B,30.64
Calle 170,Portal Sur,23,3,0,7.2,9,0,A,D,38.05
Calle 170,Portal Norte,4,1,0,1.13,1,0,A,C,7.31
Calle 72,U. Nacional,8,1,1,0.1,1,0,B,C,5.21
Zona T,U. Nacional,17,1,1,0.42,1,0,B,A,4.68
Calle 57,Calle 145,19,4,1,6.01,7,0,C,C,33.92
Calle 72,Portal Norte,21,1,0,4.67,6,1,C,B,25.99
U. Nacional,Portal Sur,10,2,0,2.72,3,0,A,B,9.78
Calle 170,Calle 145,19,3,1,0.83,1,0,B,B,8.33
Portal Sur,Portal Norte,5,5,0,8.68,10,1,D,C,46.07
Calle 85,Calle 57,18,0,1,1.69,4,1,B,B,26.55
Portal Norte,U. Nacional,20,0,0,6.5,7,1,D,C,40.22
Calle 72,Calle 127,14,1,0,2.5,3,0,A,C,12.03
Calle 127,Calle 170,11,5,0,2.0,2,0,D,B,6.08
Calle 72,Calle 127,6,3,0,2.64,3,0,D,A,15.02
Calle 72,Calle 145,10,4,0,3.73,4,0,D,C,26.28
Calle 145,U. Nacional,10,5,0,4.2,5,2,B,C,30.97
Calle 145,Portal Norte,22,0,0,1.59,2,0,C,B,3.69
Calle 170,U. Nacional,18,3,1,4.45,6,2,B,C,38.77
Calle 57,Calle 145,23,1,0,5.34,7,0,B,A,31.96
Calle 72,Zona T,19,6,1,1.19,2,0,B,D,15.36
U. Nacional,Calle 100,4,5,0,2.4,3,0,D,B,13.47
Calle 127,Calle 85,17,4,1,1.44,2,0,B,B,12.47
Calle 57,Portal Norte,17,0,1,7.61,9,2,A,D,50.9
Zona T,Calle 72,19,6,1,1.27,2,0,A,D,11.09
U. Nacional,Calle 127,6,4,0,2.53,4,0,D,B,15.54
Calle 145,Calle 85,13,1,0,2.16,3,0,A,A,16.12
U. Nacional,Portal Sur,13,1,0,2.53,3,0,D,A,14.08
U. Nacional,Calle 145,16,1,0,4.43,5,0,C,D,22.09
Portal Sur,Portal Norte,6,3,0,8.2,10,0,C,A,44.69
Calle 100,Calle 72,12,5,0,1.73,2,0,B,A,7.25
Calle 57,Calle 85,5,4,0,1.98,4,0,C,A,17.6
Calle 170,Calle 72,15,3,0,4.71,5,0,C,C,25.28
Calle 145,Portal Sur,21,5,0,6.88,8,1,B,C,44.71
Calle 127,Zona T,7,5,1,4.04,5,0,B,B,26.09
Calle 85,Calle 100,20,5,0,0.49,1,0,D,C,3.55
Portal Norte,Calle 170,15,2,0,1.11,1,0,D,D,8.11
Zona T,Calle 170,19,5,1,5.53,7,0,C,D,33.15
Calle 57,Calle 85,6,1,0,3.2,4,0,D,A,19.8
Calle 170,Calle 72,9,2,1,3.28,5,0,A,A,18.61
Calle 145,Calle 100,7,5,1,1.32,2,0,B,D,8.34
Calle 145,Calle 127,20,5,0,0.55,1,0,A,C,4.06
Calle 72,Portal Sur,21,1,0,2.97,4,0,D,D,22.36
Portal Sur,Portal Norte,13,1,0,8.16,10,1,C,D,50.9
Calle 57,Calle 85,14,3,0,3.51,4,0,D,D,14.58
Calle 100,Calle 57,8,6,1,4.52,5,2,B,D,35.27
Calle 85,Calle 100,5,1,0,1.14,1,0,C,C,2.0
U. Nacional,Calle 145,23,1,0,3.22,5,0,C,B,24.95
Calle 145,Portal Sur,8,1,1,6.59,8,1,C,B,41.29
U. Nacional,Calle 100,15,1,0,1.97,3,0,B,A,16.88
Portal Sur,Calle 85,15,1,0,3.41,5,1,C,A,32.43
Portal Norte,Calle 72,19,6,1,4.35,6,2,C,B,41.92
Portal Norte,Zona T,20,2,0,6.24,8,0,C,D,37.81
Calle 100,Calle 57,8,6,1,3.73,5,0,D,C,25.01
Calle 170,U. Nacional,5,1,0,4.82,6,0,A,C,23.99
Portal Norte,Calle 72,23,6,0,5.17,6,2,A,C,35.46
Portal Norte,Calle 57,10,4,0,7.09,9,0,C,B,37.52
Portal Norte,Calle 170,21,6,0,0.1,1,0,D,A,3.93
Zona T,Calle 72,10,3,0,2.81,2,0,C,A,11.35
Portal Sur,Calle 85,16,1,0,3.99,5,0,D,C,21.71
Calle 72,Calle 85,4,2,0,0.81,1,0,C,C,6.14
Calle 100,U. Nacional,21,0,0,1.81,3,0,B,D,16.84
Calle 72,U. Nacional,13,1,0,1.16,1,0,D,D,6.65
Calle 145,Calle 57,23,0,0,5.82,7,2,D,C,41.56
Calle 170,Calle 57,16,0,0,6.74,8,2,D,B,47.78
Zona T,U. Nacional,22,6,0,0.62,1,0,B,B,2.78
Calle 145,Calle 72,13,4,0,3.25,4,0,C,C,22.65
U. Nacional,Zona T,18,1,1,0.18,1,0,A,A,3.1
Calle 145,Calle 100,13,5,0,1.68,2,0,D,A,9.15
Portal Sur,Calle 100,17,1,1,4.89,6,0,B,A,30.73
Calle 170,Calle 100,19,0,1,2.29,3,0,C,D,20.97
Calle 57,Calle 72,12,5,0,1.6,3,0,D,A,11.01
Calle 85,Zona T,22,0,0,2.35,3,0,C,B,8.57
Calle 57,Portal Norte,8,2,1,7.11,9,0,B,C,48.48
Calle 145,Portal Norte,12,2,0,1.61,2,0,D,C,9.69
Portal Norte,Calle 100,13,4,0,2.57,4,0,A,B,16.15
Portal Sur,Calle 145,7,4,1,6.21,8,0,C,C,38.05
Portal Sur,Calle 100,12,5,0,5.44,6,0,C,A,28.67
Zona T,Calle 57,15,6,0,0.24,1,0,B,A,5.24
Calle 145,Zona T,13,2,0,5.05,6,0,D,C,30.42
Calle 145,Calle 170,10,1,0,1.59,1,0,B,B,2.0
Zona T,Calle 57,20,6,0,0.39,1,0,A,D,2.0
U. Nacional,Calle 170,7,6,1,4.68,6,1,D,C,36.4
Calle 100,Calle 85,8,6,1,1.29,1,0,D,C,7.27
Calle 145,Calle 100,4,5,0,1.44,2,0,A,B,9.46
Calle 145,Calle 127,13,1,0,0.38,1,0,B,B,10.77
Calle 170,Calle 72,7,0,1,3.2,5,2,D,A,36.05
Calle 127,Calle 170,5,6,0,2.61,2,0,A,D,9.02
Calle 170,Calle 100,5,0,0,2.3,3,0,C,A,12.43
Calle 170,Calle 57,10,4,0,6.31,8,0,B,C,40.12
Portal Norte,Calle 170,8,6,1,0.1,1,0,C,C,12.1
Calle 85,Calle 145,20,6,0,1.69,3,0,B,A,12.7
Calle 170,Calle 57,4,4,0,6.19,8,1,C,B,42.77
Zona T,Portal Norte,7,1,1,5.6,8,0,D,C,40.39
Calle 57,Calle 145,18,5,1,6.61,7,0,B,C,30.41
Calle 72,Calle 127,20,1,0,2.49,3,0,D,A,11.51
Calle 85,Calle 170,18,0,1,3.41,4,0,D,C,21.06
Calle 100,Zona T,5,0,0,2.88,4,1,D,C,24.46
U. Nacional,Calle 57,13,5,0,2.5,2,0,D,B,8.43
Zona T,Calle 72,13,6,0,1.96,2,0,D,B,5.12
Calle 170,U. Nacional,15,1,0,4.32,6,2,A,D,38.42
U. Nacional,Zona T,6,0,0,1.54,1,0,B,D,5.57
Calle 72,Calle 57,7,5,1,2.24,3,0,B,A,16.5
Calle 85,Calle 127,14,1,0,0.97,2,0,D,A,10.81
Calle 127,Calle 72,19,2,1,2.84,3,0,C,D,15.14
Calle 85,U. Nacional,23,3,0,1.36,2,0,D,C,9.8
Calle 145,U. Nacional,7,0,1,3.78,5,2,B,B,35.3
Portal Norte,Calle 170,5,6,0,1.85,1,0,A,D,3.76
Portal Sur,Portal Norte,9,3,1,7.82,10,0,C,B,46.06
Calle 100,Calle 57,23,0,0,4.37,5,0,D,D,21.96
Calle 127,Calle 100,19,3,1,0.48,1,0,C,C,11.46
Zona T,Portal Norte,5,3,0,7.11,8,0,A,D,34.2
U. Nacional,Calle 85,16,3,0,0.67,2,0,D,A,12.02
Portal Norte,Calle 145,21,5,0,1.26,2,0,C,B,11.37
U. Nacional,Calle 72,8,2,1,0.1,1,0,D,D,10.18
Calle 170,Calle 57,19,5,1,5.79,8,0,D,D,41.19
Zona T,Calle 145,20,0,0,4.81,6,2,D,C,34.14
Calle 100,Calle 85,5,0,0,0.6,1,0,A,B,6.56
Calle 85,Calle 57,4,6,0,3.25,4,0,C,D,19.75
Calle 170,Calle 72,15,2,0,4.99,5,0,A,B,17.81
Calle 127,Portal Sur,13,4,0,6.41,7,1,C,A,36.81
Calle 85,Calle 145,4,4,0,1.95,3,0,C,A,9.51
U. Nacional,Portal Sur,17,4,1,2.31,3,0,D,C,19.26
Portal Norte,U. Nacional,22,0,0,5.54,7,0,D,D,36.03
Calle 85,Calle 57,7,6,1,2.47,4,0,B,C,20.96
U. Nacional,Zona T,14,1,0,0.17,1,0,C,C,5.59
Calle 72,Calle 127,19,5,1,2.84,3,0,A,B,15.24
Calle 100,Portal Norte,13,4,0,1.9,4,0,B,A,18.6
Calle 57,Calle 170,22,2,0,6.62,8,2,D,B,47.21
Calle 85,Calle 170,13,4,0,3.82,4,0,D,C,14.79
Calle 127,Calle 72,16,2,0,2.74,3,0,D,B,17.08
Portal Norte,Portal Sur,20,6,0,7.11,10,2,B,D,55.96
Calle 100,Portal Sur,21,6,0,4.55,6,0,D,A,26.76
Zona T,Calle 127,15,3,0,4.17,5,1,C,D,26.04
Calle 72,Calle 85,6,5,0,0.46,1,0,B,D,4.6
Calle 100,Portal Sur,9,2,1,4.26,6,0,B,D,26.74
Calle 127,Calle 170,8,1,1,1.94,2,0,A,B,8.55
Calle 100,U. Nacional,19,4,1,2.73,3,0,D,D,17.89
Portal Sur,Portal Norte,10,1,0,7.14,10,1,C,C,47.97
Portal Sur,Zona T,9,5,1,2.2,2,0,A,D,9.06
Portal Norte,Calle 170,14,4,0,0.57,1,0,C,A,5.89
Calle 72,Calle 85,6,3,0,1.19,1,0,B,B,3.75
Calle 170,Calle 57,20,0,0,6.1,8,0,C,D,40.27
Calle 170,Calle 127,23,0,0,2.47,2,0,C,C,11.94
Calle 57,Calle 72,11,3,0,2.44,3,0,B,B,11.08
Calle 170,Calle 145,10,2,0,0.38,1,0,D,D,6.07
Calle 100,Calle 57,5,3,0,4.21,5,0,A,C,26.7
Zona T,Calle 72,19,5,1,1.93,2,0,B,C,7.49
Calle 145,Calle 85,19,5,1,2.93,3,0,C,C,13.51
Portal Norte,Portal Sur,23,0,0,7.81,10,0,A,B,45.75
Calle 100,Zona T,16,2,0,4.2,4,0,C,A,27.33
Zona T,Calle 127,18,3,1,4.3,5,2,C,C,34.95
Calle 170,Calle 127,13,1,0,1.87,2,0,B,D,11.66
Portal Sur,Calle 85,17,6,1,3.84,5,1,D,D,35.89
Calle 72,Calle 85,17,6,1,0.92,1,0,A,B,8.99
Calle 100,Zona T,6,2,0,3.53,4,0,C,D,19.26
Portal Norte,Portal Sur,9,5,1,8.42,10,0,B,A,46.15
Calle 72,Calle 127,13,2,0,2.12,3,0,A,A,10.2
Calle 145,Calle 127,20,5,0,1.02,1,0,B,D,6.84
Calle 85,U. Nacional,19,6,1,1.83,2,0,B,C,17.02
Calle 145,Portal Sur,22,6,0,6.4,8,2,B,A,48.01
Calle 72,Calle 85,9,3,1,0.25,1,0,D,B,6.34
Portal Norte,Zona T,23,5,0,6.75,8,1,D,B,43.55
Calle 100,Calle 145,5,3,0,1.45,2,0,D,C,8.79
Calle 145,Calle 170,15,1,0,0.1,1,0,A,A,3.43
Zona T,Calle 72,18,6,1,2.05,2,0,D,A,13.73
Calle 127,Calle 100,13,5,0,1.05,1,0,D,D,4.65
Calle 145,Calle 72,10,4,0,3.2,4,2,B,D,26.02
Calle 145,Calle 72,8,0,1,3.55,4,2,B,D,32.26
Calle 127,Calle 85,22,5,0,1.85,2,0,D,A,7.42
Portal Norte,U. Nacional,8,6,1,4.52,7,2,B,D,47.79
Calle 72,Calle 57,12,0,0,2.16,3,0,A,A,10.91
Portal Norte,Calle 85,11,3,0,4.35,5,0,A,A,21.32
Calle 100,Zona T,23,3,0,3.73,4,2,C,B,29.85
Zona T,Portal Norte,22,1,0,6.74,8,2,C,D,41.9
Calle 145,Calle 170,14,5,0,1.41,1,0,D,B,5.28
Calle 100,Calle 170,14,0,0,2.22,3,0,B,D,13.93
Calle 100,Calle 85,17,2,1,0.1,1,0,C,C,8.73
Zona T,Calle 85,17,1,1,1.89,3,0,C,D,12.44
Calle 145,Zona T,18,0,1,4.04,6,1,B,B,38.34
Portal Norte,U. Nacional,12,1,0,5.29,7,0,D,A,36.1
U. Nacional,Portal Norte,18,2,1,5.33,7,0,D,D,29.38
U. Nacional,Calle 170,8,0,1,4.24,6,1,C,B,38.71
Calle 145,Zona T,12,4,0,4.72,6,0,B,A,25.36
Zona T,Calle 57,9,3,1,0.88,1,0,A,B,9.01
U. Nacional,Portal Sur,7,2,1,2.96,3,0,A,C,20.85
Portal Sur,Calle 170,16,2,0,7.02,9,0,A,C,36.52
Calle 145,Portal Norte,6,3,0,1.39,2,0,D,D,9.78
Portal Sur,Calle 100,23,5,0,4.32,6,1,D,C,29.13
Calle 57,Calle 145,10,6,0,5.77,7,2,C,A,41.35
Calle 170,Zona T,23,3,0,5.62,7,2,B,B,39.22
Calle 72,Calle 170,4,6,0,3.88,5,2,D,C,29.73
Portal Sur,Calle 145,7,2,1,6.85,8,0,D,C,42.11
Portal Sur,Calle 57,8,2,1,0.1,1,0,A,C,4.71
Zona T,Calle 127,19,3,1,3.25,5,0,D,C,23.55
Calle 57,Calle 72,6,6,0,2.36,3,0,D,C,9.15
Calle 57,Calle 145,17,5,1,5.14,7,0,A,C,31.49
U. Nacional,Portal Sur,11,5,0,2.5,3,0,B,D,13.71
Zona T,Portal Sur,20,0,0,1.24,2,0,C,D,9.53
Calle 72,Calle 170,19,2,1,3.73,5,1,C,B,29.69
Zona T,Calle 72,13,4,0,2.44,2,0,A,A,13.02
Portal Norte,Zona T,7,4,1,5.75,8,0,A,D,41.49
Portal Sur,Calle 57,12,2,0,1.21,1,0,C,A,2.0
Zona T,Portal Norte,7,5,1,6.81,8,0,B,B,43.61
Calle 72,Portal Norte,6,3,0,4.24,6,0,C,C,24.25
Calle 57,U. Nacional,18,4,1,2.11,2,0,C,C,12.81
Calle 145,Calle 127,9,0,1,1.08,1,0,C,A,8.52
Calle 72,Zona T,4,0,0,1.8,2,0,D,A,5.02
Portal Norte,Calle 145,19,3,1,2.12,2,0,D,D,15.51
Calle 100,Calle 57,23,2,0,3.89,5,0,D,C,22.37
Calle 170,Calle 145,8,0,1,0.1,1,0,B,A,9.04
Portal Norte,Calle 127,4,1,0,2.69,3,0,D,B,13.31
Portal Sur,Calle 127,17,6,1,6.16,7,0,B,A,33.5
Calle 100,U. Nacional,8,3,1,2.68,3,0,D,A,13.44
Calle 170,Calle 145,8,5,1,0.79,1,0,D,D,6.98
U. Nacional,Portal Norte,18,4,1,5.71,7,2,D,A,43.39
Calle 85,Portal Norte,7,5,1,3.93,5,0,D,D,27.98
U. Nacional,Calle 57,23,5,0,1.38,2,0,C,A,4.18
U. Nacional,Calle 72,19,4,1,1.67,1,0,D,B,11.64
Portal Norte,Zona T,4,3,0,5.75,8,0,A,C,38.07
Portal Sur,Calle 72,19,0,1,2.95,4,0,C,D,21.79
Calle 72,Portal Norte,9,2,1,4.95,6,0,D,C,29.3
U. Nacional,Calle 127,20,1,0,2.81,4,0,C,D,15.93
Calle 145,Calle 100,16,3,0,1.14,2,0,C,D,6.5
Calle 145,Calle 57,10,2,0,5.57,7,0,A,D,29.35
Calle 145,Calle 127,9,4,1,1.14,1,0,D,A,11.96
Calle 72,U. Nacional,13,1,0,0.51,1,0,B,A,5.22
Portal Norte,Calle 85,12,2,0,4.25,5,0,B,A,23.92
Calle 170,Calle 85,17,0,1,3.24,4,0,A,B,23.23
U. Nacional,Calle 100,14,6,0,2.64,3,0,C,A,9.79
Zona T,Calle 100,8,6,1,3.63,4,0,A,A,23.66
U. Nacional,Calle 170,7,6,1,4.42,6,0,A,A,30.11
Zona T,Calle 170,9,5,1,5.94,7,1,C,B,38.87
Calle 100,U. Nacional,20,3,0,2.94,3,0,A,B,20.59
Portal Sur,Calle 85,14,6,0,3.61,5,1,D,D,23.36
Portal Norte,Calle 127,19,2,1,2.55,3,0,C,B,18.66
Calle 170,Calle 100,15,5,0,2.28,3,0,D,C,17.86
Portal Sur,Calle 127,8,6,1,4.93,7,0,D,B,36.58
Calle 145,Calle 72,17,3,1,2.9,4,0,C,A,26.16
U. Nacional,Calle 145,4,5,0,5.0,5,0,A,A,20.2
Calle 85,Calle 72,9,3,1,0.53,1,0,A,D,10.08
Portal Norte,Portal Sur,8,4,1,7.81,10,2,D,D,57.86
Portal Sur,Zona T,13,5,0,1.61,2,0,C,C,3.24
Portal Norte,Calle 100,20,4,0,3.19,4,0,D,D,15.93
Portal Sur,Calle 127,21,4,0,5.35,7,0,D,C,35.83
Portal Sur,Calle 72,10,2,0,2.57,4,2,D,B,30.44
Zona T,Calle 100,10,0,0,3.06,4,0,C,C,17.16
Portal Sur,Calle 145,4,0,0,6.8,8,0,C,B,37.02
Calle 100,Calle 72,20,0,0,1.89,2,0,A,C,11.9
Calle 100,Portal Sur,20,2,0,4.63,6,1,D,C,30.16
Calle 57,Portal Norte,18,2,1,6.66,9,0,B,C,41.02
Calle 100,Portal Sur,22,5,0,6.27,6,2,B,A,40.73
Calle 85,Zona T,22,1,0,1.72,3,0,C,D,9.53
Calle 170,Calle 145,17,6,1,1.04,1,0,D,A,9.14
Calle 170,Portal Norte,17,1,1,1.07,1,0,D,B,6.74
U. Nacional,Calle 170,15,5,0,4.74,6,0,D,C,27.98
Calle 57,U. Nacional,17,3,1,1.64,2,0,D,D,5.34
Calle 145,Zona T,8,3,1,4.69,6,0,B,A,27.45
Calle 127,U. Nacional,19,0,1,3.29,4,0,C,A,29.96
Calle 57,Calle 72,7,0,1,2.58,3,0,C,C,15.56
Portal Norte,Zona T,8,0,1,6.86,8,2,C,C,50.45
U. Nacional,Portal Norte,8,1,1,5.81,7,0,D,A,36.32
Calle 100,Calle 127,9,6,1,1.83,1,0,D,A,4.11
Calle 170,Zona T,15,0,0,5.84,7,0,D,D,28.72
Calle 57,Calle 100,22,3,0,4.28,5,0,D,D,19.74
Calle 57,Calle 145,8,4,1,5.39,7,0,D,D,33.61
Calle 145,Calle 85,6,6,0,2.89,3,0,D,D,16.26
Calle 127,Calle 72,14,4,0,1.78,3,0,A,D,13.66
Calle 100,Portal Sur,6,6,0,4.45,6,1,C,A,28.22
Portal Sur,Zona T,6,1,0,1.49,2,0,A,B,8.07
U. Nacional,Zona T,4,0,0,2.01,1,0,B,A,5.8
Calle 100,Calle 127,11,6,0,0.11,1,0,D,A,2.81
Zona T,Calle 57,14,3,0,1.31,1,0,A,D,10.77
Portal Norte,Calle 85,17,1,1,3.21,5,0,C,D,19.86
Calle 100,Calle 170,7,0,1,3.34,3,0,B,C,17.67
Calle 145,Calle 100,6,1,0,1.17,2,0,C,D,10.6
Portal Sur,Calle 145,5,4,0,5.08,8,0,B,A,36.01
Portal Norte,Calle 100,16,0,0,3.36,4,2,C,C,30.77
Calle 72,Calle 170,5,1,0,3.49,5,1,D,D,27.76
Calle 170,Calle 100,5,2,0,1.94,3,0,D,D,14.27
Calle 170,U. Nacional,4,3,0,4.35,6,0,A,C,25.78
Zona T,Calle 57,7,1,1,0.3,1,0,B,C,9.45
Calle 57,Calle 72,18,0,1,2.83,3,0,B,B,15.8
Calle 85,Zona T,9,6,1,2.42,3,0,B,D,12.15
Zona T,U. Nacional,5,0,0,0.65,1,0,D,C,4.35
Portal Sur,Calle 145,4,0,0,7.71,8,0,D,C,32.66
Calle 57,Calle 100,16,2,0,4.73,5,0,B,C,25.49
Portal Norte,Calle 145,21,4,0,1.74,2,0,A,C,14.28
Calle 170,Calle 72,7,6,1,4.19,5,2,D,B,36.67
Calle 57,Zona T,14,5,0,0.77,1,0,C,C,8.17
U. Nacional,Calle 100,11,5,0,2.95,3,0,C,C,11.62
Calle 127,U. Nacional,23,2,0,2.54,4,1,A,D,22.39
Portal Norte,Portal Sur,9,3,1,7.6,10,0,D,D,47.81
Zona T,Calle 170,6,4,0,6.22,7,2,A,C,40.13
Calle 72,Calle 57,15,3,0,2.38,3,0,B,A,13.67
Calle 170,U. Nacional,15,1,0,5.22,6,0,B,A,20.26
Calle 100,Portal Sur,15,1,0,4.5,6,2,B,B,37.63
U. Nacional,Calle 85,5,2,0,2.2,2,0,D,B,7.52
Portal Norte,Calle 127,16,0,0,1.46,3,0,C,D,15.36
Calle 145,Zona T,10,5,0,4.48,6,0,B,A,23.43
Calle 57,Calle 145,6,1,0,5.29,7,1,C,B,35.95
Portal Sur,Portal Norte,21,4,0,7.7,10,2,A,D,48.38
Portal Sur,Portal Norte,14,3,0,8.45,10,0,D,C,48.82
Calle 170,Portal Sur,20,3,0,7.53,9,0,A,B,37.09
Portal Norte,Calle 100,17,4,1,3.1,4,0,A,D,20.98
Calle 127,Calle 85,6,4,0,1.9,2,0,A,B,11.01
Calle 72,Calle 170,11,1,0,3.63,5,2,A,A,32.75
Portal Norte,U. Nacional,17,6,1,5.83,7,2,C,B,48.87
Calle 170,U. Nacional,11,2,0,5.15,6,0,C,B,29.37
Calle 170,Calle 57,23,3,0,6.44,8,0,D,A,40.23
Calle 170,Portal Norte,5,3,0,1.0,1,0,C,A,2.0
Calle 145,Portal Norte,18,0,1,2.3,2,0,C,D,14.09
Calle 170,Portal Sur,5,4,0,6.98,9,2,D,A,49.06
Calle 57,Calle 72,11,6,0,2.55,3,0,A,D,14.89
Calle 72,U. Nacional,17,4,1,0.9,1,0,A,C,8.43
Portal Sur,Portal Norte,18,4,1,8.85,10,1,A,A,56.21
Portal Norte,Calle 57,6,4,0,7.3,9,0,B,B,43.32
Portal Sur,Zona T,12,2,0,1.08,2,0,D,D,10.19
Calle 57,U. Nacional,9,1,1,2.5,2,0,B,A,11.35
Portal Norte,Calle 145,13,4,0,1.18,2,0,D,C,7.04
Calle 100,Calle 57,21,6,0,3.46,5,2,C,C,30.15
Calle 100,Calle 85,4,4,0,0.61,1,0,B,A,2.0
Calle 127,Zona T,21,6,0,4.01,5,2,B,B,35.21
Portal Sur,Calle 127,6,2,0,5.15,7,2,D,C,46.06
Calle 57,Calle 85,23,2,0,3.46,4,0,B,A,21.09
U. Nacional,Portal Norte,19,1,1,5.27,7,0,B,B,37.06
U. Nacional,Calle 57,10,1,0,1.05,2,0,D,C,11.67
Calle 72,Calle 127,16,1,0,2.49,3,0,A,C,15.16
Portal Norte,Calle 170,15,0,0,0.21,1,0,A,B,2.0
Calle 100,U. Nacional,10,5,0,2.7,3,0,C,A,10.65
Portal Norte,Calle 127,10,2,0,2.63,3,0,B,B,9.4
Calle 100,Calle 145,14,6,0,2.02,2,0,B,B,5.3
Calle 127,Portal Norte,9,6,1,2.68,3,0,C,A,18.38
Portal Norte,Portal Sur,8,3,1,7.65,10,0,A,C,49.75
Calle 127,Calle 100,18,1,1,0.93,1,0,C,C,5.88
Portal Sur,Calle 145,20,6,0,5.9,8,0,D,A,30.11
Calle 170,Calle 145,8,6,1,0.97,1,0,B,B,2.81
Zona T,Calle 72,15,2,0,1.65,2,0,D,B,8.21
Portal Norte,Calle 57,22,1,0,7.54,9,0,C,B,39.59
Calle 85,Calle 127,5,5,0,1.44,2,0,C,B,11.2
Zona T,Calle 57,19,1,1,0.97,1,0,A,D,8.45
Portal Sur,Calle 57,6,1,0,1.03,1,0,D,C,2.0
U. Nacional,Zona T,18,1,1,1.18,1,0,C,C,9.34
Zona T,U. Nacional,19,3,1,0.29,1,0,C,D,6.77
Portal Sur,Calle 57,5,1,0,0.78,1,0,B,B,4.1
U. Nacional,Calle 127,16,1,0,3.37,4,2,B,C,32.29
Calle 100,Zona T,6,1,0,3.74,4,0,C,D,14.06
Zona T,Calle 85,11,4,0,2.71,3,0,A,D,17.49
Zona T,Calle 57,14,3,0,0.99,1,0,D,D,7.77
Calle 72,Calle 85,19,2,1,1.81,1,0,C,D,10.57
Portal Norte,Calle 145,18,1,1,1.72,2,0,C,A,15.14
Calle 85,Calle 170,13,6,0,3.27,4,0,A,C,18.07
Calle 127,Calle 170,7,0,1,1.42,2,0,C,A,16.69
Zona T,Calle 127,14,1,0,3.59,5,0,C,C,27.1
Portal Sur,Calle 100,10,5,0,5.05,6,0,B,C,22.8
Portal Norte,Calle 100,13,6,0,3.38,4,2,D,A,21.7
U. Nacional,Portal Sur,20,6,0,2.71,3,0,B,D,16.16
Calle 127,U. Nacional,11,4,0,2.9,4,0,D,D,18.37
Calle 85,Calle 170,14,6,0,4.18,4,2,B,D,26.48
U. Nacional,Zona T,4,2,0,0.27,1,0,B,B,8.94
Calle 100,Portal Norte,19,6,1,4.18,4,0,C,C,21.01
Calle 127,Calle 72,17,5,1,2.91,3,0,D,C,20.52
Calle 85,Calle 57,4,4,0,2.83,4,0,B,B,16.54
Calle 85,Calle 57,23,4,0,3.82,4,0,D,D,23.06
Calle 127,Calle 72,6,4,0,2.68,3,0,D,B,10.86
U. Nacional,Calle 170,14,4,0,5.79,6,0,C,A,25.41
Calle 145,Calle 170,21,1,0,0.63,1,0,A,D,5.53
Portal Norte,Calle 145,10,0,0,2.38,2,0,D,C,11.56
Calle 127,Calle 100,20,0,0,1.01,1,0,D,A,5.89
Calle 85,Zona T,4,1,0,2.42,3,0,C,D,15.17
Calle 72,Calle 145,7,1,1,1.94,4,0,D,A,20.11
Calle 72,Calle 127,8,6,1,2.52,3,0,B,C,13.05
Calle 72,Portal Sur,19,1,1,3.39,4,0,C,B,20.39
Zona T,Portal Sur,18,2,1,2.48,2,0,B,A,16.72
Calle 145,U. Nacional,6,6,0,3.77,5,1,C,D,27.05
U. Nacional,Calle 57,5,5,0,1.56,2,0,A,C,7.65
Portal Sur,U. Nacional,15,5,0,2.5,3,0,C,D,11.23
Calle 57,Calle 145,17,1,1,5.03,7,2,D,D,46.37
Portal Sur,Calle 145,22,0,0,6.71,8,1,B,B,38.59
Calle 100,Portal Sur,21,2,0,5.25,6,0,A,B,25.11
U. Nacional,Calle 72,21,0,0,0.93,1,0,C,A,6.96
Calle 170,Zona T,14,3,0,5.58,7,0,C,B,32.86
Zona T,Portal Norte,18,0,1,6.14,8,2,D,C,48.41
Calle 72,Calle 127,16,0,0,2.3,3,0,A,C,11.26
Calle 170,Calle 145,14,5,0,0.71,1,0,D,D,2.0
U. Nacional,Calle 170,6,4,0,4.55,6,0,D,B,26.15
U. Nacional,Calle 100,9,1,1,2.27,3,0,A,A,15.78
Calle 145,Calle 100,7,4,1,1.57,2,0,D,B,13.44
Calle 170,Portal Sur,4,5,0,7.64,9,2,C,B,48.55
Calle 127,Portal Norte,21,1,0,1.8,3,0,D,A,10.37
Portal Sur,Zona T,7,3,1,1.36,2,0,C,D,10.94
Portal Norte,Calle 57,4,0,0,6.82,9,0,B,B,36.61
Calle 85,Calle 127,10,0,0,1.37,2,0,A,D,9.54
Portal Norte,Calle 85,10,5,0,4.3,5,0,B,A,20.83
Portal Sur,Calle 145,9,0,1,6.19,8,0,A,C,36.22
Calle 85,Zona T,10,4,0,2.38,3,0,B,D,10.95
Calle 72,Calle 170,11,1,0,4.29,5,2,B,A,27.14
Calle 72,Portal Sur,14,0,0,3.02,4,2,B,A,28.9
Portal Sur,Calle 100,23,2,0,4.89,6,1,D,C,40.08
Calle 57,U. Nacional,7,5,1,1.77,2,0,B,C,8.99
Calle 170,Calle 57,14,5,0,6.35,8,0,B,C,30.67
Calle 145,Portal Sur,14,6,0,6.36,8,0,A,C,33.5
Portal Norte,Calle 57,22,3,0,7.66,9,1,A,B,43.85
Portal Norte,Calle 57,7,2,1,7.14,9,2,B,A,51.59
Portal Norte,Calle 145,15,3,0,2.47,2,0,C,B,8.04
Calle 145,Calle 72,10,5,0,4.12,4,2,C,B,30.44
Calle 100,Calle 85,5,4,0,1.04,1,0,D,C,5.61
Portal Norte,Calle 127,14,2,0,2.6,3,0,B,B,7.72
Zona T,Portal Norte,11,6,0,6.26,8,0,B,D,38.54
Zona T,Calle 85,9,3,1,2.38,3,0,A,A,12.28
U. Nacional,Calle 170,10,0,0,4.77,6,0,B,B,32.11
Calle 145,Calle 170,9,4,1,1.42,1,0,B,B,7.31
Zona T,Calle 170,17,5,1,6.08,7,0,B,B,33.4
Calle 127,Calle 72,9,4,1,1.55,3,0,B,C,13.73
Calle 100,Calle 57,18,5,1,4.78,5,2,A,C,34.68
Calle 72,Calle 145,19,3,1,3.08,4,0,D,B,20.1
U. Nacional,Portal Norte,16,3,0,6.55,7,0,C,B,36.38
Zona T,Calle 145,12,3,0,5.91,6,0,D,C,26.52
Calle 72,Zona T,23,3,0,1.75,2,0,A,C,4.45
Calle 145,U. Nacional,10,1,0,4.74,5,0,A,A,19.0
Zona T,Calle 85,19,3,1,2.51,3,0,D,D,13.21
Calle 85,Calle 72,19,2,1,0.51,1,0,A,D,4.99
Portal Norte,Calle 170,16,4,0,0.5,1,0,B,B,2.88
Calle 72,Calle 100,15,4,0,1.33,2,0,D,C,11.5
Portal Norte,Portal Sur,16,3,0,7.45,10,0,B,D,45.66
Portal Norte,Calle 85,4,5,0,4.61,5,0,B,C,20.96
Calle 57,U. Nacional,8,2,1,1.24,2,0,B,B,11.31
Portal Norte,Calle 170,6,5,0,1.39,1,0,D,D,5.08
Calle 57,Calle 170,20,1,0,6.13,8,0,B,D,37.45
Calle 100,Zona T,21,5,0,2.65,4,0,C,D,20.04
Calle 170,Portal Sur,22,6,0,7.4,9,0,B,C,39.58
Calle 127,Calle 72,13,0,0,1.98,3,0,B,D,10.84
Portal Norte,Calle 170,6,6,0,1.07,1,0,D,D,8.19
Portal Sur,Calle 100,17,1,1,4.48,6,1,B,B,36.38
U. Nacional,Calle 145,20,0,0,2.96,5,0,B,B,20.75
Calle 127,Portal Norte,9,6,1,2.38,3,0,B,C,13.77
Calle 72,U. Nacional,23,0,0,0.33,1,0,B,A,2.5
Calle 100,Calle 170,16,0,0,2.55,3,0,C,A,12.94
Calle 85,Portal Norte,22,1,0,2.88,5,0,A,A,16.14
Portal Norte,Calle 100,4,5,0,2.9,4,0,A,A,19.37
Calle 127,Zona T,4,3,0,2.63,5,0,C,D,21.0
U. Nacional,Calle 85,23,3,0,1.34,2,0,C,C,13.17
Portal Sur,Calle 85,14,6,0,3.81,5,2,D,D,33.65
Calle 57,Portal Norte,15,6,0,7.27,9,1,A,D,39.11
Calle 72,Calle 145,4,4,0,3.58,4,2,B,C,28.65
U. Nacional,Calle 57,19,4,1,1.85,2,0,D,B,23.78
Portal Norte,Portal Sur,14,0,0,6.96,10,0,A,C,50.17
Portal Sur,U. Nacional,11,4,0,2.26,3,0,D,D,14.36
Calle 57,Calle 170,15,3,0,6.38,8,0,D,A,34.73
Calle 72,Calle 100,23,1,0,1.32,2,0,B,A,9.99
Calle 145,U. Nacional,6,2,0,3.24,5,0,D,B,24.75
U. Nacional,Calle 170,19,5,1,4.59,6,0,B,B,26.61
Calle 145,Portal Sur,6,0,0,6.17,8,0,A,B,39.77
Calle 85,Calle 72,12,1,0,0.53,1,0,C,D,5.58
Portal Sur,Calle 170,8,4,1,6.83,9,0,D,A,45.77
Calle 85,Calle 127,22,6,0,1.94,2,0,A,C,14.55
Calle 72,Portal Sur,21,6,0,3.11,4,0,B,B,20.01
Calle 100,Calle 170,13,0,0,2.45,3,0,A,A,17.39
Calle 85,Calle 57,10,5,0,2.84,4,0,C,B,20.24
Calle 85,Calle 72,22,5,0,0.7,1,0,A,C,4.31
Portal Norte,Calle 57,21,1,0,7.25,9,0,D,C,41.26
Calle 85,Portal Sur,8,4,1,3.94,5,0,B,A,26.14
Calle 72,Portal Norte,21,6,0,5.59,6,0,B,C,29.96
Calle 127,U. Nacional,18,1,1,3.63,4,0,B,A,19.63
Calle 57,Calle 85,13,4,0,2.76,4,0,A,C,20.87
Calle 57,U. Nacional,10,3,0,2.04,2,0,C,D,13.42
Portal Norte,Calle 85,8,6,1,3.7,5,0,B,A,24.81
Calle 145,U. Nacional,16,2,0,3.18,5,0,B,A,21.32
Zona T,Calle 72,14,3,0,2.1,2,0,D,C,7.6
Calle 72,Calle 170,20,5,0,4.32,5,1,D,A,26.93
Calle 145,Calle 85,22,6,0,2.56,3,0,A,C,10.06
U. Nacional,Portal Sur,9,4,1,2.44,3,0,B,D,7.53
U. Nacional,Calle 100,8,1,1,2.31,3,0,B,B,11.61
Portal Sur,Portal Norte,15,5,0,8.6,10,0,A,B,47.33
Calle 72,Portal Sur,9,0,1,3.43,4,2,B,A,35.56
Calle 170,Zona T,14,4,0,5.13,7,0,B,D,36.74
Calle 127,Portal Norte,7,1,1,2.87,3,0,D,D,15.79
Calle 100,Calle 57,9,5,1,4.57,5,0,A,D,22.18
Portal Sur,Calle 72,12,5,0,2.79,4,0,C,A,16.17
Calle 170,U. Nacional,20,1,0,4.54,6,2,C,A,33.83
Calle 57,Calle 145,16,3,0,6.21,7,0,D,C,30.72
Calle 57,Calle 145,7,2,1,5.78,7,1,D,A,37.79
Calle 72,Zona T,21,6,0,0.69,2,0,D,A,9.81
Zona T,Calle 57,21,5,0,0.1,1,0,A,B,4.29
Portal Sur,Calle 170,9,6,1,6.52,9,0,B,A,49.46
Zona T,U. Nacional,14,0,0,1.26,1,0,A,B,4.82
Calle 57,Calle 127,9,0,1,5.43,6,0,A,A,27.46
Calle 170,Zona T,13,2,0,5.87,7,0,B,D,32.1
Portal Sur,Portal Norte,11,2,0,8.13,10,2,D,B,58.82
Calle 57,U. Nacional,14,4,0,1.97,2,0,C,B,9.87
Calle 170,Portal Sur,5,1,0,6.37,9,1,C,B,42.62
Calle 145,Calle 57,21,1,0,5.54,7,0,C,B,31.78
Calle 57,Calle 72,6,4,0,1.83,3,0,C,C,20.74
Calle 72,Portal Sur,9,3,1,3.96,4,0,C,D,22.81
Calle 145,Zona T,10,0,0,4.84,6,0,C,B,26.36
Calle 85,Calle 57,20,4,0,2.72,4,1,C,D,23.23
Calle 72,Portal Norte,23,1,0,4.93,6,1,A,D,28.27
Calle 170,Calle 85,6,2,0,3.37,4,0,C,B,17.53
Calle 127,Calle 100,4,0,0,0.1,1,0,D,B,2.0
Calle 72,Calle 170,7,1,1,3.79,5,0,C,D,31.16
Calle 170,Zona T,15,5,0,5.88,7,0,C,C,27.49
Calle 57,Calle 170,5,1,0,6.64,8,2,B,C,41.36
Portal Sur,Zona T,21,4,0,2.14,2,0,D,D,7.59
Calle 57,Calle 145,12,0,0,5.55,7,0,B,B,35.48
Calle 145,Calle 72,22,5,0,2.56,4,2,B,D,23.81
U. Nacional,Calle 145,18,2,1,3.71,5,0,C,C,28.62
Calle 72,Zona T,11,2,0,0.84,2,0,A,C,2.0
Calle 72,Calle 85,6,5,0,0.57,1,0,A,A,6.16
Calle 127,Calle 170,9,4,1,2.2,2,0,A,A,10.61
Calle 100,Zona T,19,6,1,2.99,4,0,D,B,24.46
U. Nacional,Zona T,21,5,0,0.1,1,0,A,D,3.33
Portal Norte,Calle 57,10,6,0,7.3,9,0,D,C,41.85
Calle 127,Portal Sur,20,5,0,5.35,7,0,D,B,31.6
Portal Sur,Zona T,11,1,0,0.36,2,0,A,C,7.03
Calle 145,Zona T,15,0,0,5.03,6,0,D,B,24.05
Calle 85,Calle 170,14,5,0,3.23,4,1,C,C,24.34
U. Nacional,Calle 100,12,1,0,2.23,3,0,A,D,14.01
Calle 127,Calle 100,20,6,0,0.32,1,0,A,D,3.88
Calle 57,U. Nacional,5,2,0,1.91,2,0,A,D,9.47
Calle 85,Calle 100,15,0,0,0.51,1,0,A,C,5.17
Calle 145,Calle 72,15,0,0,3.56,4,2,B,A,21.85
Zona T,Calle 145,17,0,1,5.38,6,0,A,B,28.99
Portal Sur,Calle 100,11,3,0,5.01,6,2,C,D,40.59
Calle 145,Zona T,12,0,0,4.11,6,0,D,B,24.87
Calle 145,Calle 85,17,0,1,2.26,3,0,C,B,14.15
Calle 170,Calle 127,13,0,0,2.47,2,0,B,D,6.43
Calle 72,Calle 85,5,1,0,0.52,1,0,B,D,5.11
Portal Sur,Calle 100,7,3,1,4.2,6,0,D,B,28.81
Calle 85,Calle 72,20,5,0,0.96,1,0,D,B,3.5
Calle 170,Portal Norte,8,1,1,0.75,1,0,C,A,5.91
Portal Sur,Calle 127,5,5,0,4.84,7,0,D,A,32.46
Calle 72,U. Nacional,13,2,0,1.68,1,0,D,A,4.56
Calle 72,Calle 127,23,1,0,2.51,3,0,B,B,15.58
Calle 100,Calle 170,12,5,0,1.77,3,0,B,D,18.61
Calle 127,U. Nacional,7,5,1,3.3,4,0,B,B,25.9
Calle 57,Portal Sur,8,1,1,0.43,1,0,A,B,12.95
Calle 72,Portal Norte,12,1,0,5.19,6,0,D,A,28.66
Calle 57,Calle 127,6,6,0,4.92,6,2,C,B,36.25
Calle 127,Calle 85,17,3,1,2.2,2,0,A,D,12.42
Portal Sur,Portal Norte,13,0,0,7.02,10,2,C,D,51.65
Calle 127,Calle 85,5,1,0,1.51,2,0,A,A,9.93
Portal Norte,Portal Sur,14,1,0,7.97,10,2,A,D,58.66
Calle 145,Calle 100,19,2,1,0.62,2,0,C,C,12.43
Calle 170,Portal Sur,4,5,0,6.29,9,0,B,C,42.78
Calle 85,Calle 57,20,4,0,3.15,4,2,B,D,29.26
Calle 170,Calle 145,23,0,0,0.37,1,0,A,B,8.34
Calle 127,U. Nacional,7,0,1,3.72,4,0,C,C,22.75
U. Nacional,Calle 127,21,5,0,3.14,4,1,B,D,24.74
Zona T,Calle 100,21,2,0,2.85,4,0,D,A,20.57
Calle 72,Calle 170,19,3,1,4.82,5,0,A,B,28.71
Calle 57,Calle 100,8,2,1,3.64,5,1,B,D,31.58
U. Nacional,Portal Sur,21,6,0,1.75,3,0,A,B,15.22
U. Nacional,Zona T,16,4,0,1.03,1,0,D,D,2.0
Calle 57,Calle 100,10,1,0,3.42,5,1,A,D,26.65
Zona T,Calle 100,13,6,0,3.05,4,2,A,B,24.37
Calle 127,Portal Norte,21,1,0,2.59,3,0,C,A,14.25
Portal Sur,Calle 145,12,1,0,6.3,8,1,B,B,38.73
Zona T,Calle 170,4,5,0,6.12,7,2,C,A,46.47
Zona T,Calle 100,8,3,1,2.96,4,0,C,C,19.16
Portal Norte,Portal Sur,4,6,0,8.25,10,2,B,C,53.93
Portal Norte,Zona T,22,0,0,6.33,8,0,D,C,38.22
Portal Sur,Calle 57,21,1,0,0.1,1,0,D,B,8.45
Calle 85,Calle 100,10,4,0,0.84,1,0,D,B,3.27
U. Nacional,Calle 127,17,2,1,3.16,4,2,A,D,30.89
Calle 145,U. Nacional,9,6,1,3.13,5,0,B,D,29.98
Calle 145,Portal Sur,13,0,0,6.42,8,1,D,B,42.33
Calle 170,Calle 145,6,3,0,1.28,1,0,B,D,2.0
Portal Sur,Calle 72,7,5,1,3.44,4,0,A,A,20.2
Calle 72,Portal Norte,7,6,1,5.22,6,1,B,B,28.62
Calle 170,Calle 100,8,5,1,2.35,3,0,A,A,14.69
Calle 170,Zona T,14,6,0,5.82,7,0,B,B,32.91
U. Nacional,Calle 57,18,6,1,1.25,2,0,B,C,9.86
Calle 85,U. Nacional,8,1,1,1.54,2,0,A,C,9.31
Portal Sur,Zona T,7,0,1,2.02,2,0,A,A,10.89
Zona T,Calle 100,7,4,1,1.75,4,0,D,B,19.88
Portal Norte,Calle 127,4,1,0,1.88,3,0,D,D,8.61
Calle 145,Calle 85,13,1,0,1.78,3,0,D,A,13.83
U. Nacional,Calle 145,7,1,1,4.66,5,2,C,A,36.44
Calle 57,Calle 85,7,2,1,2.9,4,0,A,A,22.37
Calle 57,Calle 145,9,3,1,5.37,7,0,B,D,32.42
Calle 145,Portal Sur,13,4,0,5.82,8,0,C,A,30.74
Calle 100,U. Nacional,15,2,0,2.21,3,0,A,A,13.97
Calle 145,Portal Sur,8,2,1,6.35,8,2,D,A,47.75
Calle 170,Calle 57,17,5,1,5.93,8,1,C,B,45.82
Calle 145,Calle 72,15,2,0,2.54,4,0,D,D,20.33
Calle 57,Portal Sur,14,1,0,0.3,1,0,B,D,2.24
Calle 72,Zona T,19,4,1,0.87,2,0,D,B,10.5
Calle 72,Calle 170,22,5,0,4.49,5,0,B,A,24.05
Calle 127,Calle 85,4,1,0,2.09,2,0,A,C,10.57
Zona T,U. Nacional,8,0,1,0.25,1,0,A,C,6.51
Calle 85,Calle 145,13,3,0,2.01,3,0,B,D,17.49
Calle 127,Portal Norte,8,0,1,1.8,3,0,B,D,19.18
Portal Norte,Calle 72,15,0,0,5.25,6,0,A,D,32.49
Calle 57,Calle 145,4,1,0,5.4,7,1,B,A,38.64
Portal Norte,Calle 57,17,1,1,8.34,9,0,D,B,41.65
Zona T,Calle 100,19,3,1,2.43,4,0,D,A,15.36
Calle 100,Calle 170,8,0,1,2.76,3,0,A,B,10.85
Zona T,Calle 145,4,3,0,4.61,6,0,D,C,28.31
Calle 57,Zona T,13,5,0,0.89,1,0,B,D,5.78
Calle 145,Calle 100,6,4,0,1.71,2,0,D,B,12.84
Calle 127,Calle 72,23,0,0,1.92,3,0,B,D,11.47
Calle 145,Zona T,23,6,0,4.41,6,2,D,C,39.49
Portal Sur,Calle 72,16,1,0,3.65,4,2,D,B,29.35
Calle 100,Calle 170,7,0,1,2.99,3,0,C,C,12.97
Portal Norte,Calle 127,13,1,0,3.23,3,0,A,A,18.07
Calle 127,Calle 57,4,6,0,5.17,6,0,B,B,32.35
Portal Sur,Portal Norte,11,2,0,7.17,10,1,D,A,48.43
Portal Norte,Calle 85,6,2,0,3.63,5,2,C,D,34.66
Zona T,Calle 127,14,6,0,3.47,5,2,B,A,34.77
Calle 85,Calle 72,20,0,0,1.49,1,0,B,A,6.59
Calle 57,Calle 72,19,4,1,2.54,3,0,A,C,13.54
Calle 145,Portal Sur,18,0,1,5.98,8,0,A,B,42.75
Calle 127,Portal Sur,8,6,1,5.99,7,0,C,D,34.38
Calle 145,Calle 85,13,2,0,2.19,3,0,D,A,7.42
Portal Sur,Calle 72,11,1,0,2.66,4,0,A,B,23.73
Calle 57,Portal Sur,19,0,1,0.16,1,0,A,B,8.07
Calle 100,Zona T,6,3,0,3.7,4,2,B,C,24.24
Calle 145,Calle 170,12,4,0,0.89,1,0,C,C,7.31
Calle 170,Calle 145,18,2,1,0.81,1,0,D,C,16.11
U. Nacional,Portal Sur,8,0,1,1.57,3,0,D,A,19.68
Calle 85,Calle 100,16,3,0,0.71,1,0,B,D,6.82
Calle 85,Zona T,23,2,0,2.62,3,0,C,A,11.3
Portal Sur,Calle 72,20,3,0,3.31,4,1,A,B,17.43
Zona T,Portal Norte,8,6,1,6.7,8,2,B,D,49.89
Calle 170,Calle 127,16,6,0,1.92,2,0,D,A,12.17
Calle 85,U. Nacional,18,5,1,1.78,2,0,D,A,12.44
Calle 170,Calle 145,7,3,1,0.36,1,0,D,B,5.36
Calle 72,Calle 85,6,2,0,1.39,1,0,C,D,8.81
Calle 127,U. Nacional,7,2,1,3.08,4,0,B,D,21.14
Calle 145,Portal Sur,10,2,0,5.95,8,0,D,A,39.52
Calle 85,Calle 72,19,1,1,1.13,1,0,A,B,13.32
Portal Norte,Portal Sur,17,2,1,7.56,10,1,A,B,51.87
Calle 170,Calle 100,16,0,0,2.52,3,0,C,D,15.44
Calle 72,Zona T,10,5,0,1.49,2,0,C,B,6.38
Portal Norte,Calle 170,17,2,1,1.24,1,0,C,B,9.66
Calle 127,Calle 85,17,3,1,1.14,2,0,D,B,16.07
Calle 72,Calle 85,22,3,0,1.39,1,0,A,B,4.9
Calle 170,Portal Sur,22,4,0,7.24,9,2,A,B,52.16
U. Nacional,Calle 145,19,6,1,3.57,5,2,C,A,35.59
U. Nacional,Calle 145,18,5,1,2.92,5,0,A,A,28.13
Calle 127,Calle 72,21,6,0,1.62,3,0,B,D,18.01
Calle 127,Calle 85,10,1,0,1.43,2,0,A,C,8.36
Calle 85,Portal Norte,13,2,0,3.69,5,0,A,D,21.64
Portal Sur,U. Nacional,17,3,1,3.11,3,0,C,C,9.04
Zona T,Calle 72,20,6,0,2.24,2,0,C,A,10.01
Calle 145,U. Nacional,17,2,1,3.4,5,1,D,D,27.27
Calle 100,Portal Sur,17,5,1,5.64,6,1,A,A,32.16
Calle 170,Portal Sur,4,4,0,6.62,9,0,A,D,43.91
Calle 57,Zona T,7,5,1,0.97,1,0,D,A,4.69
Portal Sur,Calle 100,17,1,1,4.91,6,2,D,A,36.92
Calle 127,U. Nacional,7,2,1,3.75,4,0,D,D,24.18
Portal Sur,Calle 72,4,2,0,3.47,4,0,C,C,19.08
Portal Sur,Calle 100,13,6,0,5.68,6,0,D,B,27.0
Portal Norte,Calle 72,5,0,0,4.21,6,2,C,C,38.35
Calle 145,Calle 57,17,1,1,6.64,7,0,D,B,31.46
Calle 57,Portal Sur,16,6,0,0.62,1,0,A,D,5.75
Calle 145,Portal Sur,16,5,0,6.37,8,2,B,D,43.05
Calle 127,Calle 170,8,4,1,2.16,2,0,A,D,18.96
Portal Sur,Calle 100,21,1,0,4.9,6,0,B,A,24.29
Calle 170,Portal Norte,17,0,1,0.1,1,0,B,A,8.27
Calle 57,Zona T,6,4,0,1.35,1,0,D,A,5.93
Calle 145,U. Nacional,15,1,0,4.0,5,1,C,B,25.73
Zona T,Calle 127,16,6,0,3.45,5,1,C,A,30.0
Calle 145,Portal Sur,4,5,0,6.86,8,0,A,A,31.36
U. Nacional,Calle 57,7,0,1,2.39,2,0,B,C,13.72
Calle 100,Calle 145,6,0,0,2.3,2,0,D,C,4.97
Calle 127,Calle 72,7,3,1,1.72,3,0,A,D,16.05
Calle 170,U. Nacional,6,1,0,5.05,6,0,D,C,32.39
Portal Sur,U. Nacional,9,1,1,2.75,3,0,C,A,15.77
Calle 145,Portal Sur,22,5,0,5.89,8,0,A,A,39.69
Calle 85,U. Nacional,23,4,0,1.12,2,0,A,B,13.89
Zona T,Calle 100,7,1,1,3.06,4,0,A,B,25.77
Calle 127,Calle 85,7,1,1,1.94,2,0,A,C,11.59
Calle 145,Calle 127,6,5,0,0.54,1,0,B,C,3.48
Calle 100,U. Nacional,10,0,0,2.61,3,0,C,C,13.73
U. Nacional,Calle 72,20,3,0,0.5,1,0,B,C,4.0
Calle 145,Calle 127,12,3,0,0.84,1,0,A,C,2.0
Calle 145,Calle 127,19,3,1,1.03,1,0,D,D,4.56
Calle 57,Calle 100,14,4,0,3.42,5,2,D,B,27.44
Calle 57,Calle 85,15,5,0,2.3,4,0,D,B,13.93
Portal Norte,Zona T,12,4,0,6.05,8,0,C,D,41.86
Portal Norte,Calle 170,9,6,1,0.54,1,0,C,D,8.03
Calle 145,Calle 85,11,0,0,2.6,3,0,B,C,13.89
Calle 85,Calle 145,14,0,0,2.36,3,0,A,C,9.91
Portal Norte,Calle 85,10,3,0,4.73,5,0,C,B,27.92
Zona T,Calle 170,16,2,0,4.76,7,0,B,A,28.43
Zona T,Calle 100,23,6,0,3.06,4,0,A,D,15.11
Portal Sur,Calle 72,14,6,0,3.45,4,1,A,D,20.82
U. Nacional,Portal Norte,12,3,0,6.68,7,2,B,C,45.07
Calle 57,Calle 72,11,4,0,2.51,3,0,A,C,16.58
Portal Norte,Portal Sur,22,0,0,8.55,10,0,C,B,43.31
Calle 72,Portal Norte,21,4,0,4.39,6,1,A,D,32.23
Calle 170,Calle 72,13,2,0,4.43,5,2,D,A,32.92
Zona T,Calle 85,19,4,1,1.61,3,0,A,D,14.09
Calle 100,U. Nacional,19,6,1,2.36,3,0,A,C,16.27
Calle 57,Calle 170,4,1,0,7.39,8,1,B,A,36.84
Calle 85,Calle 72,11,1,0,1.05,1,0,A,B,8.97
Calle 85,Zona T,4,5,0,3.54,3,0,A,C,12.29
Portal Norte,Calle 170,5,2,0,1.05,1,0,A,C,6.21
Calle 85,Calle 57,16,2,0,3.3,4,0,B,D,17.7
Calle 170,Calle 145,14,6,0,1.02,1,0,B,D,2.0
Portal Sur,U. Nacional,7,4,1,2.74,3,0,B,D,16.88
Portal Sur,U. Nacional,12,2,0,2.29,3,0,D,B,19.64
Calle 170,Calle 100,13,5,0,2.06,3,0,A,C,12.29
Zona T,Calle 127,10,5,0,5.0,5,2,A,B,30.0
Portal Norte,Portal Sur,10,3,0,7.72,10,0,B,D,44.56
Calle 170,Calle 85,10,6,0,3.62,4,0,C,C,18.62
U. Nacional,Portal Sur,8,6,1,1.75,3,0,A,B,14.9
Calle 127,Calle 85,16,3,0,1.3,2,0,B,D,8.77
Calle 127,Calle 170,12,3,0,1.81,2,0,B,C,10.25
Calle 57,Portal Sur,7,1,1,0.1,1,0,D,A,10.69
Calle 170,Calle 127,4,3,0,1.73,2,0,B,C,13.15
Portal Norte,U. Nacional,20,3,0,5.82,7,1,A,C,39.8
Calle 72,Calle 127,8,3,1,2.63,3,0,D,C,20.54
Portal Norte,U. Nacional,12,2,0,5.86,7,2,D,B,41.21
Calle 100,Calle 127,16,1,0,1.94,1,0,C,D,7.17
Zona T,Calle 72,7,5,1,1.89,2,0,A,B,8.17
Calle 170,Calle 127,7,0,1,0.96,2,0,A,C,12.88
Calle 127,Calle 170,21,0,0,1.67,2,0,C,B,7.16
Calle 57,Calle 72,16,3,0,2.47,3,0,A,B,18.27
Calle 100,U. Nacional,10,1,0,2.75,3,0,B,C,10.08
Portal Sur,Calle 100,23,2,0,4.74,6,0,A,B,24.59
Zona T,Calle 57,19,5,1,0.61,1,0,C,B,6.26
Calle 145,Calle 85,6,1,0,2.16,3,0,B,C,9.73
U. Nacional,Calle 145,4,5,0,3.94,5,0,C,A,20.82
Calle 145,Calle 100,6,1,0,0.14,2,0,A,C,15.16
U. Nacional,Calle 57,4,3,0,2.14,2,0,B,D,7.87
Calle 170,Portal Norte,4,4,0,0.81,1,0,C,B,2.0
Zona T,Calle 145,8,6,1,5.65,6,2,C,D,45.69
U. Nacional,Calle 85,21,2,0,1.68,2,0,D,C,12.07
Calle 85,U. Nacional,4,6,0,1.69,2,0,C,C,4.99
Calle 85,Zona T,23,3,0,2.19,3,0,A,C,13.9
Portal Sur,Zona T,4,1,0,1.37,2,0,D,B,8.34
Portal Sur,Calle 145,15,3,0,6.35,8,2,C,B,45.76
Calle 170,Calle 127,16,5,0,1.63,2,0,A,C,5.82
Portal Sur,Zona T,18,4,1,1.24,2,0,B,C,8.15
Portal Sur,Calle 85,14,3,0,4.49,5,0,C,C,16.18
Calle 127,Portal Norte,22,4,0,2.98,3,0,C,A,17.66
Calle 72,U. Nacional,22,6,0,0.65,1,0,C,C,2.0
Calle 170,Portal Norte,19,5,1,0.62,1,0,B,D,7.31
Portal Sur,Calle 145,20,2,0,5.89,8,0,B,C,34.45
U. Nacional,Calle 100,6,6,0,3.17,3,0,C,A,15.49
U. Nacional,Portal Norte,10,2,0,5.14,7,0,A,A,26.71
U. Nacional,Calle 100,4,3,0,2.24,3,0,C,A,12.86
Portal Norte,Calle 100,8,2,1,3.45,4,0,B,A,19.39
Calle 100,Calle 145,10,3,0,1.86,2,0,A,C,14.81
Calle 127,Portal Norte,19,2,1,2.81,3,0,B,D,16.36
Calle 72,Calle 170,12,2,0,3.91,5,0,B,D,21.43
Portal Sur,Calle 85,22,1,0,4.59,5,0,B,C,20.62
Calle 145,Calle 72,21,1,0,3.22,4,1,C,D,23.15
Zona T,Calle 145,16,6,0,4.55,6,0,D,A,22.88
Calle 145,Zona T,18,5,1,4.96,6,2,D,C,39.82
Calle 72,U. Nacional,17,3,1,1.05,1,0,D,A,5.9
Zona T,Portal Norte,17,0,1,7.01,8,0,C,B,36.37
Calle 57,Zona T,15,1,0,1.66,1,0,C,A,2.0
Calle 72,Calle 145,16,5,0,3.42,4,2,A,A,29.43
Portal Norte,Calle 100,7,2,1,2.8,4,0,C,D,22.27
Calle 85,Portal Norte,7,5,1,4.64,5,0,A,B,18.85
Zona T,Calle 145,21,5,0,5.05,6,0,B,B,19.52
Portal Sur,Calle 145,13,5,0,5.92,8,1,D,B,45.89
Calle 170,Portal Norte,8,4,1,0.51,1,0,A,A,3.98
Calle 127,Calle 170,19,0,1,1.5,2,0,D,D,18.2
Portal Norte,Calle 170,13,3,0,0.1,1,0,D,B,2.0
Calle 127,Zona T,12,6,0,4.75,5,0,D,A,28.07
Calle 72,Calle 145,4,1,0,3.15,4,1,B,B,19.28
U. Nacional,Calle 100,13,5,0,3.45,3,0,A,D,18.28
Calle 85,Portal Sur,12,3,0,4.34,5,1,D,D,25.06
Calle 72,Calle 145,4,2,0,3.18,4,0,D,A,17.52
Calle 57,Calle 100,5,5,0,4.17,5,0,D,A,26.85
Calle 85,Calle 145,18,5,1,2.84,3,0,D,C,13.27
Portal Norte,Calle 145,15,4,0,2.29,2,0,B,C,9.94
Zona T,Calle 72,20,0,0,1.94,2,0,B,B,13.4
Calle 85,Portal Sur,22,2,0,3.44,5,0,B,C,22.39
Portal Sur,Calle 100,16,0,0,4.53,6,0,D,D,22.3
U. Nacional,Calle 57,9,4,1,1.77,2,0,C,B,19.53
Calle 85,Calle 57,22,2,0,2.28,4,0,D,A,17.9
Portal Norte,Calle 145,11,0,0,1.92,2,0,A,D,9.37
Portal Sur,U. Nacional,14,6,0,2.34,3,0,B,B,9.6
Calle 170,Calle 145,16,6,0,0.92,1,0,D,A,2.23
Portal Norte,Calle 57,12,0,0,6.11,9,1,D,C,49.08
Calle 57,Portal Sur,4,1,0,1.28,1,0,C,A,4.65
U. Nacional,Calle 72,8,5,1,0.91,1,0,B,B,10.72
Calle 100,U. Nacional,18,5,1,2.51,3,0,C,B,19.21
Calle 127,Calle 145,17,6,1,0.65,1,0,B,A,11.44
Calle 57,Portal Norte,7,1,1,7.36,9,1,A,C,49.08
Calle 72,Calle 57,21,6,0,1.76,3,0,A,C,14.36
Calle 145,Portal Sur,20,3,0,5.98,8,1,D,C,39.09
Calle 85,Calle 57,21,6,0,2.79,4,1,D,D,19.8
Portal Sur,Calle 72,6,4,0,4.26,4,2,A,A,31.99
U. Nacional,Calle 127,5,4,0,4.16,4,0,A,B,14.33
Calle 100,Calle 72,15,0,0,1.64,2,0,B,C,5.12
Calle 170,Zona T,22,1,0,5.25,7,0,C,D,28.75
Calle 57,Portal Norte,21,5,0,7.82,9,0,D,C,39.31
Portal Sur,Portal Norte,5,2,0,8.53,10,0,B,C,46.81
Portal Norte,Calle 145,10,4,0,2.75,2,0,C,A,4.56
Calle 127,U. Nacional,6,6,0,3.83,4,0,A,C,21.44
Calle 170,Calle 72,23,5,0,3.51,5,0,A,D,25.52
Calle 145,Calle 100,5,0,0,1.77,2,0,A,D,8.32
Zona T,Calle 127,15,3,0,3.59,5,0,B,A,20.34
Portal Norte,Calle 127,21,4,0,3.42,3,0,D,A,13.5
Zona T,U. Nacional,5,3,0,1.19,1,0,D,B,2.13
Calle 72,Zona T,8,0,1,1.21,2,0,D,A,15.25
Calle 57,Calle 85,15,1,0,2.53,4,1,B,B,21.75
Calle 170,Calle 57,4,1,0,6.42,8,0,A,A,36.33
Calle 127,Portal Norte,6,0,0,2.31,3,0,B,D,14.69
Calle 145,Calle 100,5,2,0,1.95,2,0,C,B,11.2
Calle 100,Calle 145,23,3,0,1.11,2,0,D,A,8.15
Portal Sur,Calle 170,6,2,0,7.8,9,0,B,D,43.18
Calle 85,Calle 127,18,5,1,0.91,2,0,C,C,13.05
Zona T,Calle 100,11,4,0,2.21,4,0,C,A,18.14
Portal Norte,Calle 85,17,5,1,4.95,5,0,D,C,22.66
Calle 170,Calle 127,8,6,1,1.18,2,0,B,C,14.29
Zona T,Calle 127,7,2,1,3.23,5,0,B,A,23.6
Calle 127,U. Nacional,18,0,1,3.5,4,1,C,C,24.1
Calle 57,Calle 72,13,6,0,2.28,3,0,A,A,15.73
Calle 100,Calle 57,16,3,0,4.21,5,2,D,D,33.3
Portal Norte,Calle 127,10,3,0,2.23,3,0,B,D,14.61
Zona T,Portal Norte,13,0,0,6.34,8,0,C,A,37.37
Calle 57,Calle 85,12,6,0,2.95,4,0,B,A,17.45
Calle 85,Calle 57,17,6,1,2.71,4,0,A,A,20.89
Zona T,Calle 72,13,6,0,1.19,2,0,D,D,5.66
Calle 57,Zona T,12,1,0,0.93,1,0,D,D,5.14
Calle 127,Calle 145,4,2,0,1.19,1,0,C,A,3.21
Calle 127,Zona T,13,2,0,4.2,5,0,A,C,24.15
Calle 85,Calle 100,12,6,0,1.02,1,0,A,A,2.02
Calle 100,Calle 57,14,6,0,4.07,5,1,D,D,28.59
Portal Norte,U. Nacional,4,3,0,5.6,7,2,D,B,35.24
Calle 72,Portal Norte,22,0,0,4.88,6,2,A,D,43.64
Calle 145,Calle 100,12,2,0,1.42,2,0,D,B,6.82
Calle 127,Portal Sur,9,1,1,5.79,7,0,A,B,35.44
Calle 170,Portal Sur,5,1,0,7.8,9,0,D,C,36.73
Portal Norte,Zona T,11,0,0,6.77,8,0,C,C,37.77
Portal Norte,Portal Sur,15,4,0,7.93,10,0,B,C,46.02
Calle 170,Zona T,18,0,1,6.11,7,0,B,B,37.12
Calle 85,Calle 57,15,6,0,2.63,4,0,D,A,20.46
Portal Sur,Calle 72,13,1,0,3.17,4,2,C,D,28.22
Portal Sur,Calle 85,19,2,1,4.04,5,0,B,C,25.05
Portal Norte,Calle 100,8,4,1,3.8,4,1,C,C,25.75
Calle 127,Calle 72,22,0,0,1.84,3,0,B,D,12.32
Portal Sur,Calle 170,6,1,0,7.29,9,0,D,A,44.19
Zona T,Portal Norte,23,3,0,6.7,8,0,D,C,33.45
Calle 100,Calle 127,22,2,0,2.04,1,0,B,C,5.29
Calle 127,Calle 85,11,3,0,2.24,2,0,C,A,8.54
Calle 127,U. Nacional,17,2,1,3.47,4,1,C,D,28.52
Calle 57,Calle 127,18,6,1,5.41,6,0,B,B,33.17
Calle 72,Portal Sur,22,5,0,3.64,4,2,C,C,27.05
Calle 85,Calle 170,6,3,0,2.91,4,0,B,D,19.0
Portal Sur,Calle 127,9,3,1,6.07,7,1,D,C,38.83
Zona T,U. Nacional,7,1,1,1.33,1,0,A,D,11.86
Portal Norte,Calle 145,6,1,0,1.14,2,0,D,D,6.49
Calle 85,Calle 145,16,5,0,2.33,3,0,B,C,14.42
Calle 170,Calle 85,14,4,0,2.94,4,0,A,A,22.06
Calle 170,Calle 85,18,3,1,3.41,4,0,D,C,21.12
U. Nacional,Calle 145,9,5,1,3.28,5,0,A,B,21.55
Portal Norte,Calle 57,22,2,0,7.34,9,0,D,D,34.1
Calle 85,U. Nacional,9,4,1,2.11,2,0,C,A,11.53
Calle 127,Calle 100,19,2,1,2.42,1,0,A,D,14.42
Calle 100,Calle 85,16,2,0,0.71,1,0,B,B,4.18
Portal Norte,Calle 127,17,4,1,2.9,3,0,C,C,21.61
Calle 170,Calle 85,13,1,0,2.38,4,2,D,D,22.64
Calle 127,Calle 145,13,2,0,0.49,1,0,A,B,6.25
Portal Sur,Calle 100,8,0,1,5.05,6,1,A,A,38.21
Zona T,Calle 127,4,3,0,3.4,5,0,A,C,15.55
Calle 127,Calle 100,22,3,0,1.23,1,0,D,B,2.02
U. Nacional,Calle 100,7,5,1,1.39,3,0,A,D,16.94
Calle 72,U. Nacional,12,0,0,1.2,1,0,B,C,4.13
Portal Sur,Calle 170,15,6,0,6.97,9,1,A,C,45.02
Calle 145,Zona T,14,2,0,4.61,6,0,A,C,22.96
Portal Norte,Calle 72,7,5,1,4.44,6,0,C,B,31.56
Zona T,Portal Sur,5,5,0,1.76,2,0,A,B,9.5
Calle 145,Calle 57,16,6,0,5.1,7,0,B,C,30.96
U. Nacional,Calle 145,19,6,1,2.91,5,2,C,B,36.04
Calle 127,Portal Sur,6,4,0,6.31,7,0,B,A,27.08
Calle 72,Calle 170,19,4,1,3.71,5,0,B,A,26.49
Calle 72,Calle 100,23,3,0,2.23,2,0,B,C,7.66
U. Nacional,Zona T,9,2,1,0.45,1,0,B,C,2.0
Portal Sur,U. Nacional,19,6,1,2.45,3,0,D,C,22.63
Zona T,U. Nacional,13,0,0,0.94,1,0,B,A,4.43
Calle 100,Calle 72,18,2,1,1.76,2,0,B,D,11.97
Calle 170,Calle 145,18,2,1,0.39,1,0,A,C,9.97
Calle 72,Calle 145,19,6,1,3.31,4,0,D,D,21.05
Portal Sur,Calle 127,4,2,0,5.11,7,1,D,A,40.41
Zona T,Calle 85,12,5,0,2.73,3,0,C,D,11.84
Calle 72,U. Nacional,17,3,1,1.3,1,0,C,A,6.01
Calle 100,U. Nacional,11,2,0,2.01,3,0,A,C,11.22
U. Nacional,Calle 72,11,4,0,0.1,1,0,B,B,5.91
Portal Sur,Calle 170,23,4,0,6.28,9,1,A,D,41.81
Calle 170,Calle 85,15,6,0,2.16,4,0,A,A,17.74
Zona T,Calle 127,15,4,0,3.92,5,1,D,B,26.52
Calle 100,Calle 145,15,2,0,1.08,2,0,D,B,5.48
Zona T,Calle 127,4,0,0,4.23,5,0,A,D,20.85
U. Nacional,Portal Norte,9,2,1,5.76,7,1,B,A,36.84
Calle 100,Calle 170,16,5,0,2.49,3,0,D,B,17.41
Calle 100,Calle 170,6,0,0,2.69,3,0,D,A,12.26
Portal Norte,Zona T,23,1,0,6.53,8,2,B,C,45.28
Calle 85,Calle 72,20,5,0,0.8,1,0,A,C,3.52
Calle 100,U. Nacional,10,0,0,2.32,3,0,C,D,14.14
Calle 72,Calle 100,17,0,1,1.1,2,0,B,D,8.95
Zona T,Calle 100,19,2,1,2.51,4,0,B,D,16.2
Portal Norte,U. Nacional,16,2,0,4.99,7,0,A,D,31.98
Calle 127,Calle 57,4,3,0,4.35,6,0,D,C,28.54
U. Nacional,Calle 57,7,5,1,1.62,2,0,C,C,6.09
Calle 145,Portal Sur,6,0,0,6.73,8,0,B,D,38.43
Calle 57,Calle 127,6,1,0,4.3,6,0,D,B,28.26
Portal Norte,U. Nacional,12,3,0,5.17,7,2,B,A,41.79
Calle 85,Calle 57,23,3,0,2.57,4,0,C,B,12.62
Zona T,U. Nacional,21,3,0,0.61,1,0,C,B,4.13
Calle 85,U. Nacional,19,4,1,1.4,2,0,A,A,8.45
Calle 72,Calle 170,16,1,0,3.8,5,0,B,A,23.31
Calle 145,Calle 127,18,6,1,0.78,1,0,A,A,8.05
Calle 72,U. Nacional,9,5,1,0.46,1,0,D,B,11.02
Zona T,Calle 72,16,0,0,1.01,2,0,C,A,10.46
Calle 72,Calle 100,12,4,0,2.19,2,0,C,C,10.44
Calle 57,Portal Sur,9,1,1,0.7,1,0,C,B,5.92
Calle 57,Calle 85,20,4,0,3.72,4,2,B,C,23.73
Calle 145,Zona T,19,0,1,4.31,6,1,B,D,33.81
Calle 170,Portal Norte,13,5,0,1.42,1,0,B,B,5.64
Calle 170,Zona T,18,2,1,5.12,7,2,B,A,43.57
Calle 85,Portal Sur,21,1,0,3.69,5,1,B,C,25.37
Calle 100,Calle 72,22,5,0,2.09,2,0,C,C,4.88
Calle 57,Calle 72,12,4,0,3.2,3,0,B,A,15.98
Calle 57,Calle 145,7,5,1,6.15,7,1,C,A,38.11
Calle 145,Zona T,22,5,0,4.73,6,0,C,C,22.7
Calle 57,Portal Sur,19,1,1,0.54,1,0,B,A,8.98
Calle 127,Calle 170,23,1,0,2.25,2,0,B,B,5.68
U. Nacional,Portal Norte,14,0,0,5.42,7,0,A,B,31.05
Zona T,U. Nacional,17,5,1,0.1,1,0,D,C,9.27
Calle 100,Zona T,7,1,1,2.84,4,0,D,D,20.41
U. Nacional,Calle 85,13,6,0,1.37,2,0,C,A,6.63
Calle 57,Calle 127,9,5,1,4.8,6,0,B,D,29.35
Zona T,U. Nacional,19,5,1,0.61,1,0,C,A,5.31
Zona T,Calle 72,15,1,0,1.76,2,0,A,C,13.96
U. Nacional,Portal Sur,15,5,0,2.47,3,0,D,B,16.49
Calle 57,Zona T,10,3,0,0.1,1,0,C,B,4.97
Portal Norte,Calle 127,18,2,1,1.85,3,0,B,A,12.07
Calle 57,Calle 100,14,0,0,3.63,5,0,C,A,26.08
Calle 57,Calle 100,5,5,0,4.48,5,2,D,A,33.23
Calle 100,Portal Sur,5,4,0,4.03,6,0,D,D,26.41
U. Nacional,Calle 145,19,5,1,4.15,5,0,A,A,26.03
Calle 85,Portal Norte,23,5,0,3.08,5,1,B,A,24.83
Calle 72,Calle 170,5,3,0,3.97,5,0,A,C,24.11
Calle 170,Zona T,12,6,0,4.5,7,1,C,C,36.01
Calle 145,Calle 57,15,4,0,5.67,7,2,D,A,44.05
Calle 170,Calle 127,20,1,0,1.95,2,0,C,A,10.75
Calle 145,U. Nacional,5,2,0,3.6,5,0,D,B,16.78
Portal Sur,Portal Norte,13,2,0,7.8,10,0,A,C,48.0
U. Nacional,Calle 57,6,4,0,2.3,2,0,D,A,11.13
Calle 170,Calle 145,6,1,0,1.01,1,0,C,A,5.64
Calle 145,Portal Norte,10,5,0,1.32,2,0,C,D,8.61
Calle 170,Calle 127,13,6,0,2.43,2,0,B,B,6.17
Calle 100,Portal Norte,16,5,0,4.01,4,2,B,C,27.03
Calle 72,Calle 127,10,2,0,3.06,3,0,B,B,9.28
Calle 100,U. Nacional,12,0,0,2.69,3,0,D,C,11.29
Calle 57,Calle 85,15,6,0,2.49,4,0,D,B,18.66
Portal Norte,Calle 57,16,1,0,7.7,9,0,B,D,37.97
Calle 85,Portal Sur,13,1,0,3.25,5,2,A,B,32.22
Calle 100,Calle 127,18,2,1,0.76,1,0,A,A,9.14
Zona T,Portal Sur,9,3,1,2.07,2,0,B,D,11.82
Calle 57,Calle 85,15,4,0,4.13,4,1,C,A,23.67
Portal Sur,Calle 85,4,1,0,3.83,5,0,C,C,17.67
Portal Sur,Calle 170,9,2,1,7.07,9,2,B,A,52.49
U. Nacional,Calle 57,18,4,1,2.08,2,0,D,D,13.39
U. Nacional,Calle 127,12,5,0,2.61,4,2,D,D,28.52
Calle 100,Portal Norte,11,6,0,3.54,4,0,A,D,22.58
Calle 72,Calle 100,22,3,0,2.04,2,0,A,B,11.28
Zona T,Calle 145,13,4,0,4.83,6,0,B,B,28.16
Calle 145,Portal Sur,14,6,0,7.02,8,0,A,C,32.0
Calle 145,Calle 85,18,3,1,2.23,3,0,B,D,14.18
Portal Norte,Portal Sur,8,1,1,8.19,10,0,C,C,51.69
Calle 170,Calle 145,11,6,0,0.5,1,0,B,D,2.0
Calle 170,Calle 127,8,5,1,1.39,2,0,C,A,14.74
U. Nacional,Calle 145,15,0,0,4.27,5,0,D,B,23.78
U. Nacional,Portal Sur,16,6,0,2.26,3,0,D,B,9.66
Calle 170,Calle 72,8,2,1,4.26,5,0,B,D,23.0
Calle 85,Calle 100,17,4,1,1.89,1,0,D,A,9.21
Calle 85,U. Nacional,22,0,0,1.31,2,0,B,B,7.17
Calle 127,Calle 85,15,2,0,1.55,2,0,A,D,8.28
Calle 170,Portal Sur,11,1,0,7.76,9,0,A,B,41.06
Calle 100,Calle 72,6,2,0,1.23,2,0,D,B,14.67
Calle 72,Calle 145,13,2,0,3.22,4,2,A,C,30.31
Calle 72,Calle 145,9,3,1,2.9,4,0,A,D,22.09
Calle 170,Calle 85,7,5,1,3.36,4,0,A,B,15.33
Calle 85,Calle 145,22,4,0,3.41,3,0,D,D,17.37
Portal Norte,U. Nacional,16,3,0,5.4,7,0,C,D,28.19
Calle 100,Portal Sur,7,4,1,4.97,6,0,D,C,30.26
U. Nacional,Calle 85,21,2,0,1.78,2,0,A,B,9.57
Calle 72,Zona T,16,6,0,1.85,2,0,A,B,13.34
Portal Norte,Calle 85,22,2,0,4.28,5,2,D,A,29.35
U. Nacional,Calle 100,5,0,0,3.08,3,0,D,D,18.42
Calle 85,Portal Norte,23,5,0,5.58,5,2,C,C,29.13
Portal Norte,Zona T,12,1,0,6.52,8,2,A,D,39.75
Calle 85,Calle 100,5,4,0,1.08,1,0,A,C,2.86
Portal Norte,Zona T,16,1,0,7.36,8,1,B,B,38.68
Portal Sur,U. Nacional,17,2,1,1.56,3,0,C,D,15.09
Calle 57,Calle 127,20,4,0,3.81,6,0,A,C,29.25
Calle 85,Portal Norte,8,4,1,2.97,5,0,A,D,25.59
Zona T,Calle 170,14,5,0,4.56,7,0,D,D,30.54
Portal Norte,Calle 145,12,5,0,2.42,2,0,A,D,10.08
Calle 170,Calle 127,22,2,0,1.17,2,0,C,B,8.91
Portal Norte,Calle 85,22,3,0,4.01,5,2,C,B,33.92
Calle 100,Zona T,5,4,0,2.52,4,1,C,C,24.78
Portal Norte,Calle 72,10,0,0,3.45,6,0,B,C,25.11
Calle 100,U. Nacional,23,6,0,2.16,3,0,C,A,15.4
Calle 127,Portal Norte,14,1,0,2.41,3,0,A,C,9.28
Calle 57,U. Nacional,22,3,0,1.11,2,0,C,D,9.6
U. Nacional,Zona T,4,2,0,0.76,1,0,C,C,2.76
Calle 85,U. Nacional,8,3,1,1.36,2,0,D,B,14.09
Zona T,Calle 145,16,2,0,4.54,6,0,A,D,26.74
Zona T,Calle 85,6,1,0,3.48,3,0,C,C,9.23
Calle 100,Calle 85,18,5,1,0.1,1,0,D,A,9.85
Calle 145,Calle 57,22,1,0,5.26,7,0,D,D,30.55
Portal Norte,Calle 100,21,5,0,2.81,4,0,B,D,17.22
Zona T,Calle 145,16,4,0,5.6,6,0,A,A,29.41
Calle 72,Calle 127,10,0,0,2.83,3,0,C,B,9.25
Calle 145,Calle 72,21,3,0,2.62,4,1,D,C,14.48
Calle 85,Portal Sur,7,5,1,3.6,5,0,C,D,28.37
Calle 127,Calle 72,19,6,1,2.66,3,0,D,C,15.84
U. Nacional,Calle 145,9,3,1,3.99,5,2,D,B,33.43
Portal Sur,Calle 170,16,4,0,7.3,9,0,D,D,42.8
Calle 127,Portal Sur,4,4,0,4.79,7,1,D,A,37.4
Calle 85,Calle 57,11,1,0,3.67,4,0,D,A,16.75
Calle 85,Portal Norte,23,6,0,4.35,5,0,B,B,30.94
U. Nacional,Calle 85,11,1,0,1.55,2,0,D,B,10.18
Calle 85,Calle 145,13,0,0,2.03,3,0,A,B,14.04
Calle 57,U. Nacional,18,1,1,1.83,2,0,D,B,12.58
Calle 145,U. Nacional,20,5,0,3.49,5,2,B,B,33.12
U. Nacional,Calle 170,4,5,0,5.53,6,2,D,D,38.35
Calle 170,Calle 72,12,5,0,4.48,5,0,A,D,21.79
U. Nacional,Portal Norte,13,6,0,5.97,7,1,C,D,37.34
Zona T,Portal Sur,18,3,1,1.12,2,0,A,A,12.96
Calle 145,Calle 100,22,6,0,1.1,2,0,A,B,7.1
Calle 85,Calle 72,14,1,0,0.89,1,0,B,D,5.39
Calle 127,Calle 100,7,2,1,0.21,1,0,A,D,10.66
U. Nacional,Calle 127,12,2,0,3.49,4,2,C,D,25.89
Calle 100,Calle 57,12,4,0,3.23,5,1,B,C,27.07
Portal Norte,Calle 127,15,4,0,2.18,3,0,C,C,13.84
Calle 100,Calle 145,22,5,0,1.42,2,0,C,D,2.98
U. Nacional,Portal Sur,13,1,0,2.21,3,0,B,B,12.58
Calle 57,Calle 100,16,2,0,4.32,5,0,A,B,20.41
Calle 57,Calle 100,8,4,1,4.84,5,2,D,D,29.77
Calle 57,Calle 145,15,5,0,6.26,7,2,C,D,40.83
U. Nacional,Portal Sur,9,6,1,2.83,3,0,D,B,16.74
U. Nacional,Calle 72,4,5,0,1.37,1,0,A,C,3.34
Calle 127,Calle 100,10,1,0,0.25,1,0,B,C,8.76
Calle 57,Calle 170,10,2,0,6.34,8,0,A,B,36.66
Calle 127,Calle 85,5,3,0,2.22,2,0,A,C,5.9
Zona T,Calle 170,12,4,0,5.9,7,0,A,A,29.73
U. Nacional,Calle 57,20,1,0,1.53,2,0,B,C,9.22
Calle 145,Portal Sur,11,1,0,5.65,8,0,D,B,33.66
Portal Norte,Calle 57,12,4,0,7.88,9,1,A,B,48.16
Zona T,Calle 100,5,1,0,3.17,4,2,D,A,28.73
Zona T,Portal Norte,14,6,0,6.25,8,0,B,D,40.07
Calle 170,U. Nacional,6,3,0,4.7,6,1,D,C,32.7
Calle 57,Portal Norte,22,3,0,7.77,9,0,A,D,38.17
Portal Sur,Calle 127,22,6,0,6.38,7,0,D,A,26.91
Calle 100,Calle 72,23,2,0,2.41,2,0,D,B,7.88
Calle 85,Zona T,19,4,1,2.28,3,0,C,C,10.83
Calle 100,Zona T,11,2,0,2.97,4,2,D,A,24.88
Calle 145,U. Nacional,4,2,0,3.7,5,0,D,D,22.09
Calle 145,Calle 170,17,5,1,1.28,1,0,C,A,8.12
U. Nacional,Calle 85,21,6,0,1.75,2,0,B,B,5.71
Calle 170,Calle 127,10,2,0,1.16,2,0,C,C,14.4
Zona T,U. Nacional,7,5,1,0.43,1,0,C,B,12.47
Calle 57,Portal Sur,8,2,1,0.68,1,0,B,B,7.51
Calle 72,Calle 145,9,4,1,3.74,4,0,C,D,24.82
Portal Sur,Calle 57,17,6,1,0.74,1,0,C,B,6.34
Calle 100,U. Nacional,13,2,0,2.37,3,0,B,C,14.51
Calle 85,U. Nacional,13,3,0,2.05,2,0,D,D,9.01
Portal Norte,Calle 72,5,3,0,5.11,6,1,D,C,36.92
Portal Norte,Calle 127,10,5,0,2.59,3,0,C,C,14.43
Calle 85,Portal Norte,14,3,0,3.24,5,0,C,B,14.61
Calle 127,Calle 57,20,3,0,4.99,6,0,A,A,26.72
Calle 127,Calle 145,14,5,0,0.54,1,0,D,D,5.23
Portal Norte,Portal Sur,16,5,0,7.97,10,0,D,B,48.38
Calle 100,Calle 57,22,3,0,4.04,5,1,C,C,25.26
Zona T,Calle 85,18,2,1,2.9,3,0,A,D,15.85
Calle 145,Calle 170,14,6,0,1.06,1,0,D,B,3.07
Calle 145,Calle 57,13,4,0,5.28,7,1,D,B,36.75
Calle 85,Calle 57,21,6,0,3.21,4,0,C,A,19.44
Calle 145,Calle 170,14,6,0,0.67,1,0,C,D,2.0
Calle 127,Calle 145,14,3,0,0.58,1,0,B,D,6.88
Calle 85,Calle 127,12,2,0,1.45,2,0,A,B,8.26
Calle 170,Portal Sur,17,3,1,7.69,9,2,A,A,51.36
Zona T,Calle 85,4,4,0,1.63,3,0,D,A,13.02
Zona T,Calle 85,21,3,0,2.16,3,0,C,C,10.6
Portal Sur,Calle 170,6,4,0,7.11,9,1,B,A,46.97
Calle 57,U. Nacional,23,5,0,1.6,2,0,B,A,9.92
Portal Sur,Calle 72,12,3,0,4.11,4,0,B,C,16.97
Calle 170,Calle 145,22,2,0,0.94,1,0,D,D,2.97
Portal Norte,Calle 72,22,2,0,4.38,6,2,A,A,35.25
Calle 127,Calle 85,17,1,1,1.36,2,0,C,B,13.08
Calle 57,Portal Sur,14,4,0,1.97,1,0,D,B,2.35
Calle 57,Calle 85,22,1,0,2.99,4,1,B,C,22.81
Calle 145,Calle 170,4,4,0,1.0,1,0,A,B,5.29
Zona T,Calle 85,6,2,0,3.04,3,0,C,B,6.22
Portal Sur,Calle 127,10,2,0,4.41,7,2,B,B,40.01
Calle 85,Portal Norte,8,3,1,4.55,5,2,A,D,30.8
Calle 127,Calle 72,5,3,0,0.9,3,0,D,D,15.21
Calle 127,Calle 72,22,6,0,2.52,3,0,A,A,10.23
Calle 145,Zona T,22,5,0,4.31,6,0,B,B,24.09
Calle 170,U. Nacional,23,2,0,4.86,6,0,C,D,25.12
Calle 127,Calle 170,20,2,0,1.85,2,0,D,C,2.0
Zona T,Calle 170,18,0,1,5.17,7,2,D,A,41.12
Calle 85,Calle 100,6,3,0,0.67,1,0,C,B,2.89
Calle 170,Portal Sur,16,3,0,7.6,9,2,C,A,44.92
Calle 145,Calle 127,9,4,1,0.82,1,0,A,B,9.18
Zona T,Calle 145,8,5,1,5.73,6,0,A,A,28.55
Calle 57,Calle 127,13,2,0,4.96,6,0,B,D,21.59
Calle 145,Zona T,8,5,1,3.6,6,0,B,C,32.53
Calle 170,Calle 145,4,3,0,0.8,1,0,B,C,8.04
Calle 72,Portal Sur,15,6,0,2.51,4,2,A,A,29.56
Calle 85,Portal Norte,19,0,1,4.93,5,0,B,D,26.76
Portal Norte,Zona T,16,6,0,6.54,8,0,B,B,36.03
Calle 170,Portal Norte,15,1,0,0.1,1,0,A,D,8.57
Calle 170,U. Nacional,18,3,1,4.49,6,0,D,B,31.51
Calle 57,Portal Sur,4,2,0,0.1,1,0,D,D,2.0
Calle 100,Calle 145,14,5,0,2.32,2,0,C,A,7.96
U. Nacional,Calle 57,10,1,0,2.33,2,0,B,B,8.77
Calle 145,Calle 127,6,5,0,0.1,1,0,A,D,7.18
Calle 100,Calle 57,7,1,1,3.71,5,1,C,C,32.6
U. Nacional,Portal Sur,22,4,0,2.41,3,0,C,B,8.87
Calle 85,Calle 72,15,5,0,0.88,1,0,B,A,11.09
Calle 72,Portal Sur,5,6,0,3.45,4,1,A,B,22.83
Portal Sur,Portal Norte,11,1,0,8.54,10,1,D,D,50.63
Calle 85,Calle 127,22,3,0,1.7,2,0,D,B,5.73
U. Nacional,Calle 57,12,4,0,1.72,2,0,D,A,12.11
Calle 100,Portal Sur,20,2,0,4.38,6,1,C,C,36.27
U. Nacional,Zona T,18,5,1,0.75,1,0,A,C,4.84
Zona T,Calle 100,6,6,0,3.7,4,1,B,A,22.14
Calle 127,U. Nacional,7,0,1,3.58,4,0,C,B,20.12
Calle 85,Calle 100,18,3,1,0.77,1,0,A,B,8.98
Calle 72,Zona T,10,1,0,1.75,2,0,B,A,3.01
Calle 127,Calle 85,20,4,0,1.04,2,0,B,A,11.79
Zona T,Calle 85,21,1,0,2.33,3,0,B,C,11.93
Calle 145,Calle 170,9,5,1,0.12,1,0,B,B,4.26
Zona T,Calle 57,17,6,1,0.1,1,0,B,C,7.2
Portal Norte,Calle 72,13,3,0,4.5,6,0,D,D,24.1
U. Nacional,Calle 85,8,5,1,1.57,2,0,C,A,13.09
Calle 170,Calle 100,21,5,0,3.45,3,0,C,B,8.96
Calle 57,Calle 170,5,6,0,6.98,8,0,B,D,38.92
Calle 145,Calle 127,16,6,0,0.41,1,0,B,D,5.11
Calle 72,Calle 57,10,1,0,2.17,3,0,C,A,14.06
Calle 127,Calle 100,8,3,1,1.55,1,0,A,B,9.32
Calle 127,U. Nacional,8,5,1,3.45,4,2,A,A,29.71
Zona T,Calle 100,20,0,0,2.46,4,0,D,B,17.37
Portal Sur,U. Nacional,13,6,0,3.0,3,0,A,D,8.92
Calle 145,Calle 170,14,2,0,0.27,1,0,A,D,4.88
Calle 100,Calle 170,18,3,1,1.91,3,0,B,D,14.12
Calle 100,Calle 127,20,0,0,0.59,1,0,A,C,2.0
Calle 127,Portal Sur,19,6,1,5.11,7,0,D,D,36.61
Portal Norte,Portal Sur,7,6,1,7.35,10,0,C,C,43.21
Portal Sur,Zona T,14,3,0,1.28,2,0,C,C,11.2
Calle 170,Portal Norte,7,5,1,0.7,1,0,D,B,6.11
Calle 57,U. Nacional,11,4,0,1.62,2,0,D,C,3.76
Calle 170,U. Nacional,21,4,0,5.05,6,0,D,D,28.15
Portal Norte,Calle 57,7,4,1,7.0,9,0,A,A,46.52
Calle 170,Calle 127,15,4,0,1.04,2,0,D,D,12.38
Portal Norte,Calle 85,18,6,1,4.08,5,0,A,D,24.49
Portal Sur,Calle 72,4,1,0,3.19,4,0,A,C,17.68
Calle 170,Calle 100,17,6,1,3.01,3,0,A,D,13.27
Calle 100,Calle 85,15,2,0,0.42,1,0,B,C,7.61
U. Nacional,Portal Norte,14,3,0,5.3,7,0,C,B,34.2
Calle 127,Zona T,21,5,0,4.85,5,2,C,B,31.29
U. Nacional,Calle 170,14,2,0,5.14,6,0,B,C,23.54
Calle 100,Calle 170,6,5,0,2.78,3,0,D,C,14.1
Calle 57,U. Nacional,9,6,1,1.84,2,0,D,B,10.06
Calle 100,U. Nacional,15,2,0,1.57,3,0,D,C,15.01
Calle 145,Calle 85,4,0,0,1.37,3,0,B,C,12.55
Zona T,Portal Sur,21,2,0,2.07,2,0,B,D,9.58
Calle 57,Calle 170,10,0,0,7.37,8,2,C,B,49.08
Calle 85,Zona T,15,3,0,2.07,3,0,B,D,13.58
Calle 170,Calle 100,23,4,0,2.38,3,0,A,C,8.75
Calle 127,U. Nacional,5,1,0,2.73,4,0,C,A,16.32
U. Nacional,Calle 127,11,1,0,2.18,4,0,D,B,18.14
Calle 145,Portal Norte,13,1,0,1.48,2,0,A,D,3.98
U. Nacional,Calle 72,21,4,0,1.0,1,0,B,D,6.65
Calle 145,Zona T,22,3,0,4.91,6,0,D,C,26.03
Calle 85,Calle 100,17,2,1,1.1,1,0,C,B,9.54
Calle 85,Zona T,15,0,0,2.55,3,0,B,C,11.03
Calle 127,Zona T,22,1,0,4.14,5,2,C,A,36.09
Calle 57,Calle 127,15,5,0,4.5,6,0,B,D,33.29
Calle 100,Calle 57,5,3,0,3.74,5,0,D,D,22.6
Calle 170,Calle 145,4,4,0,0.46,1,0,D,A,5.17
Calle 85,U. Nacional,8,0,1,0.73,2,0,C,A,10.36
Calle 100,Calle 57,12,5,0,3.45,5,2,D,B,32.91
Calle 72,Calle 127,18,2,1,2.9,3,0,C,C,18.44
Calle 127,Calle 57,20,3,0,3.61,6,2,A,A,43.13
Calle 85,Calle 57,7,6,1,3.35,4,0,A,D,18.67
Calle 145,Calle 127,11,4,0,0.88,1,0,B,B,5.03
Portal Norte,Portal Sur,19,5,1,7.67,10,1,A,D,53.59
Calle 57,Portal Sur,16,6,0,0.5,1,0,D,D,3.29
U. Nacional,Calle 145,14,1,0,3.66,5,2,B,D,28.2
Calle 100,U. Nacional,6,1,0,2.47,3,0,C,D,15.26
Calle 127,Calle 85,6,2,0,1.86,2,0,D,A,11.46
Zona T,Calle 100,4,4,0,3.36,4,1,C,A,21.4
Calle 145,Portal Norte,20,0,0,2.02,2,0,A,C,4.93
Calle 72,Calle 100,4,6,0,1.15,2,0,C,A,6.11
Calle 145,Calle 127,23,3,0,1.34,1,0,B,B,7.33
